number,timestamp1,timestamp2
1,1555225184434,1555225185775
2,1555225184561,1555225185980
3,1555225184673,1555225185988
4,1555225184780,1555225186173
5,1555225184881,1555225186175
11,1555225185503,1555225186401
6,1555225184983,1555225186411
7,1555225185088,1555225186415
9,1555225185295,1555225186599
8,1555225185190,1555225186602
13,1555225185707,1555225187019
10,1555225185398,1555225187210
15,1555225185918,1555225187214
14,1555225185813,1555225187218
12,1555225185603,1555225187415
20,1555225186444,1555225187829
21,1555225186548,1555225187832
27,1555225187165,1555225187931
22,1555225186650,1555225187932
26,1555225187062,1555225187933
23,1555225186753,1555225187938
18,1555225186229,1555225187991
19,1555225186340,1555225187992
24,1555225186855,1555225188047
25,1555225186960,1555225188056
30,1555225187480,1555225188171
31,1555225187587,1555225188181
33,1555225187797,1555225188258
32,1555225187690,1555225188272
34,1555225187900,1555225188347
35,1555225188003,1555225188458
28,1555225187269,1555225188460
29,1555225187378,1555225188462
36,1555225188104,1555225188562
37,1555225188206,1555225188668
38,1555225188311,1555225188760
39,1555225188416,1555225188865
40,1555225188519,1555225188961
41,1555225188621,1555225189070
42,1555225188725,1555225189181
43,1555225188827,1555225189270
17,1555225186127,1555225189317
16,1555225186020,1555225189328
44,1555225188931,1555225189385
45,1555225189040,1555225189496
46,1555225189143,1555225189591
47,1555225189246,1555225189694
48,1555225189347,1555225189815
49,1555225189451,1555225189889
50,1555225189553,1555225190005
51,1555225189655,1555225190111
52,1555225189755,1555225190215
53,1555225189856,1555225190313
54,1555225189958,1555225190395
55,1555225190059,1555225190505
56,1555225190161,1555225190613
57,1555225190262,1555225190704
58,1555225190364,1555225190813
59,1555225190466,1555225190927
60,1555225190566,1555225191011
61,1555225190670,1555225191103
62,1555225190775,1555225191212
63,1555225190878,1555225191340
64,1555225190979,1555225191444
65,1555225191087,1555225191571
66,1555225191190,1555225191679
67,1555225191298,1555225191742
68,1555225191400,1555225191850
69,1555225191503,1555225191954
70,1555225191603,1555225192052
71,1555225191704,1555225192190
72,1555225191806,1555225192299
73,1555225191909,1555225192361
74,1555225192011,1555225192468
75,1555225192114,1555225192565
76,1555225192218,1555225192661
77,1555225192318,1555225192758
78,1555225192418,1555225192857
79,1555225192522,1555225192970
80,1555225192624,1555225193077
81,1555225192726,1555225193183
82,1555225192828,1555225193267
83,1555225192931,1555225193382
84,1555225193032,1555225193472
85,1555225193136,1555225193597
86,1555225193239,1555225193683
87,1555225193340,1555225193812
88,1555225193440,1555225193915
89,1555225193540,1555225193980
90,1555225193642,1555225194094
91,1555225193744,1555225194188
92,1555225193849,1555225194276
93,1555225193951,1555225194399
94,1555225194053,1555225194504
95,1555225194156,1555225194600
96,1555225194258,1555225194695
97,1555225194359,1555225194811
98,1555225194461,1555225194929
99,1555225194563,1555225195022
100,1555225194666,1555225195116
101,1555225194768,1555225195218
102,1555225194871,1555225195321
103,1555225194974,1555225195425
104,1555225195075,1555225195528
105,1555225195177,1555225195632
106,1555225195279,1555225195723
107,1555225195382,1555225195833
108,1555225195485,1555225195954
109,1555225195589,1555225196043
110,1555225195691,1555225196135
111,1555225195792,1555225196321
112,1555225195900,1555225196391
113,1555225196002,1555225196471
114,1555225196106,1555225196570
115,1555225196208,1555225196697
116,1555225196308,1555225196771
117,1555225196410,1555225196874
118,1555225196512,1555225196982
119,1555225196613,1555225197102
120,1555225196765,1555225197203
121,1555225196866,1555225197322
122,1555225196969,1555225197419
123,1555225197071,1555225197515
124,1555225197171,1555225197635
125,1555225197273,1555225197769
126,1555225197376,1555225197833
127,1555225197480,1555225197931
128,1555225197584,1555225198031
129,1555225197688,1555225198127
130,1555225197791,1555225198247
131,1555225197895,1555225198365
132,1555225197996,1555225198470
133,1555225198096,1555225198592
134,1555225198199,1555225198721
135,1555225198305,1555225198782
136,1555225198407,1555225198898
137,1555225198509,1555225198978
138,1555225198612,1555225199088
139,1555225198716,1555225199196
140,1555225198819,1555225199279
141,1555225198922,1555225199408
142,1555225199025,1555225199495
143,1555225199128,1555225199597
144,1555225199233,1555225199716
145,1555225199335,1555225199788
146,1555225199436,1555225199896
147,1555225199538,1555225199994
148,1555225199641,1555225200086
149,1555225199743,1555225200190
150,1555225199845,1555225200310
151,1555225199948,1555225200411
152,1555225200052,1555225200532
153,1555225200152,1555225200632
154,1555225200253,1555225200725
155,1555225200356,1555225200817
156,1555225200457,1555225200911
157,1555225200559,1555225201036
158,1555225200665,1555225201153
159,1555225200769,1555225201238
160,1555225200871,1555225201348
161,1555225200973,1555225201424
162,1555225201076,1555225201544
163,1555225201178,1555225201651
164,1555225201280,1555225201857
165,1555225201384,1555225201860
166,1555225201487,1555225201971
167,1555225201590,1555225202071
168,1555225201693,1555225202189
169,1555225201855,1555225202292
170,1555225201956,1555225202437
171,1555225202060,1555225202539
172,1555225202164,1555225202643
173,1555225202266,1555225202759
174,1555225202369,1555225202809
175,1555225202474,1555225202956
176,1555225202584,1555225203047
177,1555225202685,1555225203122
178,1555225202788,1555225203244
179,1555225202889,1555225203331
180,1555225202991,1555225203444
181,1555225203093,1555225203550
182,1555225203196,1555225203649
183,1555225203299,1555225203759
184,1555225203400,1555225203863
185,1555225203501,1555225203956
186,1555225203605,1555225204053
187,1555225203710,1555225204173
188,1555225203812,1555225204275
189,1555225203916,1555225204359
190,1555225204016,1555225204453
191,1555225204120,1555225204557
192,1555225204223,1555225204673
193,1555225204325,1555225204756
194,1555225204427,1555225204884
195,1555225204527,1555225204994
196,1555225204628,1555225205108
197,1555225204730,1555225205219
198,1555225204831,1555225205268
199,1555225204934,1555225205403
200,1555225205035,1555225205542
201,1555225205137,1555225205676
202,1555225205242,1555225205779
203,1555225205343,1555225205855
204,1555225205448,1555225205952
205,1555225205553,1555225206049
206,1555225205657,1555225206125
207,1555225205759,1555225206222
208,1555225205861,1555225206320
209,1555225205965,1555225206402
210,1555225206068,1555225206546
211,1555225206172,1555225206648
212,1555225206275,1555225206718
213,1555225206378,1555225206819
214,1555225206479,1555225206925
215,1555225206581,1555225207025
216,1555225206684,1555225207147
217,1555225206809,1555225207250
218,1555225206910,1555225207360
219,1555225207013,1555225207492
220,1555225207115,1555225207615
221,1555225207218,1555225207724
222,1555225207320,1555225207831
223,1555225207423,1555225207884
224,1555225207526,1555225208010
225,1555225207630,1555225208120
226,1555225207744,1555225208210
227,1555225207845,1555225208321
228,1555225207946,1555225208467
229,1555225208049,1555225208531
230,1555225208150,1555225208653
231,1555225208252,1555225208744
232,1555225208354,1555225208887
233,1555225208459,1555225208952
234,1555225208560,1555225209064
235,1555225208665,1555225209151
236,1555225208767,1555225209256
237,1555225208869,1555225209389
238,1555225208972,1555225209472
239,1555225209075,1555225209551
240,1555225209178,1555225209680
241,1555225209281,1555225209756
242,1555225209385,1555225209876
243,1555225209487,1555225209982
244,1555225209590,1555225210055
245,1555225209692,1555225210166
246,1555225209795,1555225210281
247,1555225209898,1555225210406
248,1555225210002,1555225210500
249,1555225210105,1555225210599
250,1555225210209,1555225210668
251,1555225210312,1555225210776
252,1555225210414,1555225210902
253,1555225210517,1555225211003
254,1555225210620,1555225211173
255,1555225210725,1555225211275
256,1555225210828,1555225211408
257,1555225210932,1555225211420
258,1555225211035,1555225211571
260,1555225211240,1555225211804
259,1555225211139,1555225211806
262,1555225211445,1555225211924
263,1555225211549,1555225212021
264,1555225211651,1555225212899
261,1555225211342,1555225213309
266,1555225211855,1555225213939
267,1555225211958,1555225214377
265,1555225211753,1555225214575
273,1555225212575,1555225214577
274,1555225212677,1555225214579
268,1555225212060,1555225214785
269,1555225212164,1555225214796
282,1555225213497,1555225215409
281,1555225213395,1555225215411
278,1555225213086,1555225215419
277,1555225212982,1555225215422
288,1555225214116,1555225215431
287,1555225214011,1555225215433
275,1555225212778,1555225215659
279,1555225213189,1555225215665
293,1555225214629,1555225216063
294,1555225214732,1555225216066
295,1555225214833,1555225216276
291,1555225214424,1555225216511
292,1555225214527,1555225216519
296,1555225214940,1555225216730
297,1555225215042,1555225216732
305,1555225215872,1555225217155
304,1555225215769,1555225217322
301,1555225215460,1555225217328
302,1555225215564,1555225217330
298,1555225215146,1555225217970
313,1555225216696,1555225217977
306,1555225215975,1555225217983
289,1555225214218,1555225217986
290,1555225214322,1555225218013
315,1555225216901,1555225218093
310,1555225216388,1555225218122
309,1555225216285,1555225218157
311,1555225216491,1555225218163
314,1555225216798,1555225218170
320,1555225217414,1555225218220
308,1555225216181,1555225218221
317,1555225217107,1555225218223
307,1555225216078,1555225218224
316,1555225217004,1555225218230
300,1555225215352,1555225218327
299,1555225215248,1555225218330
322,1555225217619,1555225218332
323,1555225217722,1555225218349
325,1555225217928,1555225218398
324,1555225217824,1555225218400
319,1555225217312,1555225218424
318,1555225217209,1555225218426
326,1555225218034,1555225218515
312,1555225216593,1555225218612
327,1555225218134,1555225218616
321,1555225217516,1555225218632
328,1555225218236,1555225218712
329,1555225218338,1555225218837
330,1555225218441,1555225218954
276,1555225212880,1555225219012
331,1555225218544,1555225219039
272,1555225212472,1555225219088
332,1555225218646,1555225219133
303,1555225215666,1555225219214
333,1555225218750,1555225219225
284,1555225213702,1555225219274
283,1555225213598,1555225219277
286,1555225213909,1555225219311
334,1555225218854,1555225219333
285,1555225213805,1555225219337
335,1555225218959,1555225219428
271,1555225212370,1555225219554
270,1555225212266,1555225219557
336,1555225219062,1555225219589
337,1555225219166,1555225219700
338,1555225219268,1555225219811
339,1555225219372,1555225219891
280,1555225213291,1555225219897
340,1555225219474,1555225219939
341,1555225219590,1555225220073
342,1555225219690,1555225220184
343,1555225219791,1555225220353
344,1555225219892,1555225220373
345,1555225219995,1555225220504
346,1555225220096,1555225220596
347,1555225220201,1555225220676
348,1555225220306,1555225220781
349,1555225220409,1555225220892
350,1555225220509,1555225221009
351,1555225220612,1555225221125
352,1555225220714,1555225221196
353,1555225220818,1555225221347
354,1555225220921,1555225221441
355,1555225221025,1555225221562
356,1555225221127,1555225221633
357,1555225221230,1555225221829
358,1555225221335,1555225221834
359,1555225221436,1555225221950
360,1555225221539,1555225222067
361,1555225221640,1555225222158
362,1555225221744,1555225222300
363,1555225221846,1555225222318
364,1555225221948,1555225222440
365,1555225222049,1555225222527
366,1555225222153,1555225222608
367,1555225222256,1555225222734
368,1555225222357,1555225222845
369,1555225222460,1555225222949
370,1555225222562,1555225223069
371,1555225222666,1555225223185
372,1555225222769,1555225223311
373,1555225222872,1555225223333
374,1555225222974,1555225223458
375,1555225223075,1555225223577
376,1555225223178,1555225224554
377,1555225223281,1555225224731
378,1555225223383,1555225224886
379,1555225223486,1555225224967
389,1555225224531,1555225225086
382,1555225223797,1555225225107
388,1555225224427,1555225225122
386,1555225224213,1555225225123
385,1555225224108,1555225225124
381,1555225223695,1555225225125
387,1555225224326,1555225225126
380,1555225223589,1555225225131
384,1555225224004,1555225225135
390,1555225224633,1555225225143
383,1555225223901,1555225225154
391,1555225224735,1555225225222
392,1555225224838,1555225225331
393,1555225224940,1555225225419
394,1555225225042,1555225225513
395,1555225225144,1555225225641
396,1555225225245,1555225225754
397,1555225225348,1555225225823
398,1555225225449,1555225225932
399,1555225225551,1555225226040
400,1555225225653,1555225226148
401,1555225225756,1555225226246
402,1555225225860,1555225226326
403,1555225225964,1555225226465
404,1555225226064,1555225226533
405,1555225226165,1555225226643
406,1555225226268,1555225226769
407,1555225226371,1555225226865
408,1555225226473,1555225227055
409,1555225226575,1555225227172
410,1555225226678,1555225227190
411,1555225226788,1555225227280
412,1555225226891,1555225227422
413,1555225227049,1555225227525
414,1555225227150,1555225227650
415,1555225227253,1555225227746
416,1555225227356,1555225227822
417,1555225227457,1555225227940
418,1555225227559,1555225228083
419,1555225227663,1555225228158
420,1555225227769,1555225228258
421,1555225227869,1555225228348
422,1555225227971,1555225228470
423,1555225228073,1555225228557
424,1555225228173,1555225228638
425,1555225228275,1555225228747
426,1555225228378,1555225228895
427,1555225228480,1555225229004
428,1555225228581,1555225229094
429,1555225228681,1555225229209
430,1555225228781,1555225229336
432,1555225228985,1555225229859
433,1555225229087,1555225229862
431,1555225228883,1555225230457
434,1555225229190,1555225230459
437,1555225229497,1555225232798
438,1555225229601,1555225235400
435,1555225229291,1555225235404
436,1555225229393,1555225235404
482,1555225234124,1555225235832
440,1555225229807,1555225236141
454,1555225231252,1555225236142
448,1555225230630,1555225236142
445,1555225230322,1555225236144
441,1555225229908,1555225236145
453,1555225231148,1555225236145
444,1555225230219,1555225236146
449,1555225230736,1555225236147
442,1555225230010,1555225236148
443,1555225230113,1555225236150
459,1555225231763,1555225236151
455,1555225231355,1555225236151
458,1555225231660,1555225236154
461,1555225231971,1555225236155
457,1555225231558,1555225236155
450,1555225230838,1555225236156
460,1555225231867,1555225236156
483,1555225234226,1555225236260
486,1555225234536,1555225236260
485,1555225234434,1555225236261
481,1555225234023,1555225236260
477,1555225233612,1555225236261
470,1555225232894,1555225236262
451,1555225230941,1555225236266
452,1555225231045,1555225236393
496,1555225235561,1555225236403
490,1555225234946,1555225236404
495,1555225235457,1555225236405
492,1555225235152,1555225236411
489,1555225234844,1555225236414
491,1555225235048,1555225236415
493,1555225235254,1555225236577
497,1555225235663,1555225236636
494,1555225235356,1555225236637
498,1555225235767,1555225236640
499,1555225235867,1555225236643
500,1555225235969,1555225236644
501,1555225236072,1555225236729
488,1555225234742,1555225236768
502,1555225236177,1555225236772
487,1555225234638,1555225236773
503,1555225236278,1555225236903
504,1555225236378,1555225237002
505,1555225236480,1555225237078
506,1555225236638,1555225237165
507,1555225236739,1555225237373
484,1555225234329,1555225237376
508,1555225236841,1555225237541
509,1555225236943,1555225237614
510,1555225237044,1555225237701
511,1555225237147,1555225237884
513,1555225237350,1555225238065
512,1555225237248,1555225238066
514,1555225237450,1555225238240
480,1555225233920,1555225238245
515,1555225237552,1555225238248
478,1555225233715,1555225238250
479,1555225233816,1555225238270
516,1555225237653,1555225238466
517,1555225237755,1555225238466
519,1555225237963,1555225238686
474,1555225233303,1555225238688
476,1555225233508,1555225238691
518,1555225237861,1555225238700
475,1555225233404,1555225238724
520,1555225238065,1555225238886
521,1555225238166,1555225238942
522,1555225238277,1555225239097
472,1555225233097,1555225239201
473,1555225233200,1555225239203
523,1555225238381,1555225239241
524,1555225238484,1555225239245
462,1555225232073,1555225239450
463,1555225232176,1555225239454
525,1555225238584,1555225239578
447,1555225230527,1555225239636
456,1555225231457,1555225239639
471,1555225232996,1555225239669
527,1555225238798,1555225239672
526,1555225238695,1555225239674
528,1555225238899,1555225239853
529,1555225239002,1555225239872
446,1555225230425,1555225239873
467,1555225232590,1555225239980
439,1555225229705,1555225240081
468,1555225232691,1555225240083
469,1555225232792,1555225240093
531,1555225239209,1555225240143
533,1555225239412,1555225240301
532,1555225239312,1555225240304
464,1555225232278,1555225240308
465,1555225232382,1555225240324
534,1555225239513,1555225240335
466,1555225232486,1555225240428
530,1555225239104,1555225240431
535,1555225239616,1555225240460
536,1555225239718,1555225240481
537,1555225239818,1555225240694
538,1555225239918,1555225240697
540,1555225240122,1555225240860
541,1555225240226,1555225240862
539,1555225240020,1555225240903
542,1555225240338,1555225240981
543,1555225240442,1555225240984
544,1555225240545,1555225241229
545,1555225240703,1555225241261
546,1555225240806,1555225241332
547,1555225240913,1555225241500
548,1555225241014,1555225241564
549,1555225241115,1555225241621
550,1555225241216,1555225241691
551,1555225241321,1555225241803
552,1555225241422,1555225241918
553,1555225241524,1555225241986
554,1555225241625,1555225242113
555,1555225241729,1555225242225
556,1555225241830,1555225242342
557,1555225241931,1555225242453
558,1555225242032,1555225242493
559,1555225242133,1555225242620
560,1555225242234,1555225242722
561,1555225242335,1555225242829
562,1555225242437,1555225242920
563,1555225242538,1555225243030
564,1555225242643,1555225243171
565,1555225242744,1555225243243
566,1555225242847,1555225243351
567,1555225242951,1555225243440
568,1555225243055,1555225243549
569,1555225243158,1555225243643
570,1555225243260,1555225243763
571,1555225243362,1555225243874
572,1555225243464,1555225243983
573,1555225243566,1555225244058
574,1555225243666,1555225244136
575,1555225243769,1555225244254
576,1555225243870,1555225244361
577,1555225243973,1555225244473
578,1555225244076,1555225244568
579,1555225244176,1555225244708
580,1555225244278,1555225244777
581,1555225244381,1555225244876
582,1555225244483,1555225244962
583,1555225244587,1555225245076
584,1555225244689,1555225245187
585,1555225244792,1555225245344
586,1555225244908,1555225245427
587,1555225245009,1555225245552
588,1555225245111,1555225245590
589,1555225245215,1555225245703
590,1555225245320,1555225245853
591,1555225245423,1555225245891
592,1555225245524,1555225246045
593,1555225245625,1555225246148
594,1555225245728,1555225246204
595,1555225245832,1555225246332
596,1555225245935,1555225246453
597,1555225246038,1555225246551
598,1555225246140,1555225246660
599,1555225246242,1555225246763
600,1555225246345,1555225246850
602,1555225246553,1555225247011
603,1555225246656,1555225247222
604,1555225246757,1555225247244
601,1555225246447,1555225247325
605,1555225246860,1555225247350
607,1555225247063,1555225247620
609,1555225247276,1555225247752
606,1555225246961,1555225247823
610,1555225247376,1555225247845
611,1555225247480,1555225247948
612,1555225247581,1555225248047
608,1555225247175,1555225248055
613,1555225247684,1555225248511
615,1555225247890,1555225249368
616,1555225247992,1555225249371
620,1555225248408,1555225249567
621,1555225248516,1555225249781
619,1555225248303,1555225249783
618,1555225248200,1555225249984
617,1555225248096,1555225249987
625,1555225248930,1555225250196
622,1555225248619,1555225250407
623,1555225248724,1555225250409
624,1555225248827,1555225250627
614,1555225247785,1555225250633
626,1555225249033,1555225250853
627,1555225249137,1555225250854
628,1555225249239,1555225251071
629,1555225249341,1555225251072
634,1555225249854,1555225251263
631,1555225249546,1555225251265
630,1555225249443,1555225251267
633,1555225249751,1555225251477
632,1555225249648,1555225251479
639,1555225250366,1555225251673
635,1555225249957,1555225251680
636,1555225250059,1555225251895
637,1555225250162,1555225251900
638,1555225250265,1555225252108
645,1555225250979,1555225252317
646,1555225251080,1555225252756
647,1555225251183,1555225252962
648,1555225251284,1555225252967
644,1555225250877,1555225252968
649,1555225251388,1555225253149
650,1555225251490,1555225253151
651,1555225251594,1555225253384
643,1555225250776,1555225253389
652,1555225251696,1555225253400
653,1555225251799,1555225253569
654,1555225251902,1555225253592
663,1555225252836,1555225253815
655,1555225252005,1555225253825
656,1555225252109,1555225253826
660,1555225252529,1555225254031
657,1555225252211,1555225254050
658,1555225252321,1555225254069
642,1555225250675,1555225254096
662,1555225252734,1555225254099
661,1555225252630,1555225254107
640,1555225250469,1555225254109
641,1555225250572,1555225254128
667,1555225253255,1555225254199
664,1555225252947,1555225254200
668,1555225253358,1555225254203
669,1555225253460,1555225254247
666,1555225253153,1555225254262
670,1555225253561,1555225254265
665,1555225253049,1555225254270
671,1555225253663,1555225254328
672,1555225253766,1555225254329
674,1555225253972,1555225254416
673,1555225253868,1555225254431
659,1555225252424,1555225254486
675,1555225254074,1555225254513
676,1555225254178,1555225254615
677,1555225254280,1555225254730
678,1555225254385,1555225254831
679,1555225254487,1555225254930
680,1555225254589,1555225255030
681,1555225254692,1555225255129
683,1555225254895,1555225255332
682,1555225254793,1555225255334
684,1555225254997,1555225255447
685,1555225255098,1555225255539
686,1555225255214,1555225255637
687,1555225255314,1555225255744
688,1555225255417,1555225255850
689,1555225255519,1555225255982
690,1555225255621,1555225256076
691,1555225255724,1555225256198
692,1555225255825,1555225256295
693,1555225255929,1555225256357
694,1555225256031,1555225256540
695,1555225256133,1555225256661
696,1555225256236,1555225256725
697,1555225256340,1555225256820
698,1555225256440,1555225256896
699,1555225256542,1555225257010
700,1555225256645,1555225257123
701,1555225256747,1555225257182
702,1555225256849,1555225257303
703,1555225256952,1555225257391
704,1555225257056,1555225257500
705,1555225257158,1555225257610
706,1555225257261,1555225257705
707,1555225257364,1555225257808
708,1555225257466,1555225257936
709,1555225257569,1555225258046
710,1555225257671,1555225258113
711,1555225257774,1555225258223
712,1555225257875,1555225258314
713,1555225257976,1555225258429
714,1555225258079,1555225258528
715,1555225258181,1555225258622
716,1555225258283,1555225258751
717,1555225258386,1555225258855
718,1555225258489,1555225258981
719,1555225258591,1555225259086
720,1555225258693,1555225259157
721,1555225258794,1555225259240
722,1555225258897,1555225259333
723,1555225258999,1555225259435
724,1555225259103,1555225259539
725,1555225259208,1555225259634
726,1555225259309,1555225259748
727,1555225259411,1555225259851
728,1555225259514,1555225259968
729,1555225259616,1555225260068
730,1555225259718,1555225260172
731,1555225259825,1555225260271
732,1555225259927,1555225260395
733,1555225260028,1555225260478
734,1555225260130,1555225260614
735,1555225260232,1555225260692
736,1555225260335,1555225260780
737,1555225260438,1555225260876
738,1555225260539,1555225260988
739,1555225260640,1555225261097
740,1555225260742,1555225261179
741,1555225260845,1555225261278
742,1555225260947,1555225261391
743,1555225261049,1555225261515
744,1555225261151,1555225261624
745,1555225261252,1555225261719
746,1555225261354,1555225261799
747,1555225261457,1555225261913
748,1555225261558,1555225262000
749,1555225261659,1555225262101
750,1555225261761,1555225262199
751,1555225261864,1555225262307
752,1555225261965,1555225262437
753,1555225262068,1555225262497
754,1555225262169,1555225262641
755,1555225262271,1555225262723
756,1555225262373,1555225262853
757,1555225262476,1555225262941
758,1555225262578,1555225263060
759,1555225262683,1555225263142
760,1555225262786,1555225263249
761,1555225262889,1555225263320
762,1555225262991,1555225263445
763,1555225263093,1555225263525
764,1555225263197,1555225263629
765,1555225263300,1555225263738
766,1555225263402,1555225263841
767,1555225263503,1555225263974
768,1555225263605,1555225264040
769,1555225263706,1555225264147
770,1555225263808,1555225264243
771,1555225263910,1555225264383
772,1555225264012,1555225264458
773,1555225264115,1555225264581
774,1555225264216,1555225264687
775,1555225264320,1555225264789
776,1555225264422,1555225264880
777,1555225264523,1555225265337
780,1555225264831,1555225265338
779,1555225264728,1555225265548
782,1555225265034,1555225265550
783,1555225265136,1555225265640
781,1555225264933,1555225265744
785,1555225265340,1555225265777
778,1555225264626,1555225265949
786,1555225265442,1555225265959
784,1555225265238,1555225266065
788,1555225265644,1555225266081
787,1555225265543,1555225266476
789,1555225265746,1555225266563
791,1555225265951,1555225267397
790,1555225265849,1555225267606
793,1555225266155,1555225268043
794,1555225266258,1555225268058
797,1555225266565,1555225268233
801,1555225266970,1555225268234
792,1555225266054,1555225268255
798,1555225266666,1555225268445
799,1555225266767,1555225268447
805,1555225267383,1555225268660
804,1555225267282,1555225268662
800,1555225266869,1555225268899
803,1555225267179,1555225269119
808,1555225267690,1555225269303
809,1555225267794,1555225269309
811,1555225267998,1555225269549
810,1555225267895,1555225269551
813,1555225268201,1555225269935
807,1555225267588,1555225270125
812,1555225268100,1555225270749
806,1555225267485,1555225270750
814,1555225268303,1555225270953
815,1555225268404,1555225270961
818,1555225268710,1555225270992
819,1555225268814,1555225271356
820,1555225268919,1555225272245
821,1555225269022,1555225272348
816,1555225268506,1555225272540
817,1555225268609,1555225272541
823,1555225269232,1555225272547
822,1555225269129,1555225272549
795,1555225266361,1555225272602
824,1555225269334,1555225272655
802,1555225267073,1555225272684
825,1555225269435,1555225272684
826,1555225269538,1555225272685
827,1555225269640,1555225272688
828,1555225269742,1555225272710
830,1555225269946,1555225272780
829,1555225269844,1555225272784
831,1555225270050,1555225272796
832,1555225270151,1555225272798
836,1555225270561,1555225272800
834,1555225270357,1555225272802
837,1555225270664,1555225272807
833,1555225270254,1555225272809
838,1555225270766,1555225272812
839,1555225270868,1555225272815
840,1555225270969,1555225272822
835,1555225270459,1555225272825
841,1555225271071,1555225272862
844,1555225271377,1555225272868
845,1555225271477,1555225272870
846,1555225271582,1555225272871
842,1555225271174,1555225272874
843,1555225271275,1555225272876
847,1555225271687,1555225272940
848,1555225271788,1555225272945
850,1555225271993,1555225272961
849,1555225271890,1555225272967
851,1555225272094,1555225272965
854,1555225272398,1555225272976
853,1555225272297,1555225272978
852,1555225272196,1555225272983
855,1555225272498,1555225273067
856,1555225272604,1555225273263
857,1555225272711,1555225273297
858,1555225272816,1555225273412
796,1555225266464,1555225273528
859,1555225272918,1555225273537
860,1555225273019,1555225273652
861,1555225273121,1555225273674
862,1555225273257,1555225273823
863,1555225273383,1555225273924
864,1555225273484,1555225274051
865,1555225273586,1555225274134
866,1555225273688,1555225274247
867,1555225273792,1555225274333
868,1555225273893,1555225274436
869,1555225273995,1555225274515
870,1555225274097,1555225274631
871,1555225274199,1555225274717
872,1555225274300,1555225274883
873,1555225274402,1555225274928
874,1555225274505,1555225275019
875,1555225274607,1555225275128
876,1555225274711,1555225275212
877,1555225274814,1555225275349
878,1555225274917,1555225275481
879,1555225275021,1555225275519
880,1555225275123,1555225275638
881,1555225275224,1555225275755
882,1555225275326,1555225275832
883,1555225275428,1555225275946
884,1555225275530,1555225276021
885,1555225275632,1555225276180
886,1555225275734,1555225276253
887,1555225275836,1555225276330
888,1555225275941,1555225276476
889,1555225276043,1555225276573
890,1555225276145,1555225276689
891,1555225276246,1555225276762
892,1555225276348,1555225276851
893,1555225276452,1555225276924
894,1555225276553,1555225277041
895,1555225276655,1555225277159
896,1555225276757,1555225277278
897,1555225276859,1555225277398
898,1555225276961,1555225277490
899,1555225277062,1555225277571
900,1555225277165,1555225277657
901,1555225277267,1555225277779
902,1555225277369,1555225277872
903,1555225277472,1555225277962
904,1555225277574,1555225278060
905,1555225277676,1555225278176
906,1555225277780,1555225278276
907,1555225277883,1555225278326
908,1555225277984,1555225278459
909,1555225278087,1555225278565
910,1555225278189,1555225278656
911,1555225278291,1555225278788
912,1555225278394,1555225278879
913,1555225278496,1555225278995
914,1555225278597,1555225279117
915,1555225278699,1555225279195
916,1555225278800,1555225279342
917,1555225278904,1555225279405
918,1555225279006,1555225279518
919,1555225279109,1555225279678
920,1555225279213,1555225279726
921,1555225279316,1555225279844
922,1555225279418,1555225279965
923,1555225279521,1555225280053
924,1555225279625,1555225280134
925,1555225279729,1555225280201
926,1555225279830,1555225280307
927,1555225279932,1555225280394
928,1555225280036,1555225280515
929,1555225280140,1555225280565
930,1555225280241,1555225280681
931,1555225280343,1555225280799
932,1555225280445,1555225280911
933,1555225280547,1555225280999
934,1555225280650,1555225281126
935,1555225280752,1555225281209
936,1555225280853,1555225281333
937,1555225280955,1555225281465
938,1555225281057,1555225281583
939,1555225281158,1555225281682
940,1555225281261,1555225281815
941,1555225281364,1555225281946
942,1555225281468,1555225281980
943,1555225281571,1555225282108
944,1555225281679,1555225282203
945,1555225281779,1555225282296
946,1555225281881,1555225282393
947,1555225281984,1555225282485
948,1555225282086,1555225282574
949,1555225282189,1555225282685
950,1555225282291,1555225282729
951,1555225282395,1555225282867
952,1555225282500,1555225282974
953,1555225282607,1555225283070
954,1555225282710,1555225283192
955,1555225282812,1555225283315
956,1555225282915,1555225283419
957,1555225283027,1555225283529
958,1555225283129,1555225283651
959,1555225283231,1555225283777
960,1555225283335,1555225283812
961,1555225283436,1555225283943
962,1555225283538,1555225284048
963,1555225283641,1555225284151
964,1555225283742,1555225284294
965,1555225283845,1555225284323
966,1555225283947,1555225284385
967,1555225284049,1555225284492
968,1555225284152,1555225284593
969,1555225284255,1555225284725
970,1555225284358,1555225284833
971,1555225284460,1555225284963
972,1555225284561,1555225285029
973,1555225284664,1555225285141
974,1555225284766,1555225285253
975,1555225284868,1555225285420
976,1555225284970,1555225285470
977,1555225285071,1555225285555
978,1555225285173,1555225285633
979,1555225285285,1555225285785
980,1555225285388,1555225285850
981,1555225285489,1555225285916
982,1555225285591,1555225286043
983,1555225285694,1555225286166
984,1555225285796,1555225286294
985,1555225285897,1555225286350
986,1555225285999,1555225286456
987,1555225286101,1555225286577
988,1555225286204,1555225286684
989,1555225286305,1555225286781
990,1555225286410,1555225286910
991,1555225286559,1555225287012
992,1555225286661,1555225287113
993,1555225286764,1555225287220
994,1555225286871,1555225287324
995,1555225286973,1555225287441
996,1555225287074,1555225287550
997,1555225287175,1555225287630
998,1555225287278,1555225287733
999,1555225287381,1555225287830
1000,1555225287482,1555225287960
1001,1555225287586,1555225288031
1002,1555225287688,1555225288145
1003,1555225287789,1555225288247
1004,1555225287891,1555225288355
1005,1555225287991,1555225288454
1006,1555225288092,1555225288544
1007,1555225288195,1555225288649
1008,1555225288297,1555225288742
1009,1555225288398,1555225288868
1010,1555225288500,1555225288993
1011,1555225288602,1555225289095
1012,1555225288707,1555225289223
1013,1555225288809,1555225289315
1014,1555225288910,1555225289419
1015,1555225289011,1555225289522
1016,1555225289114,1555225289648
1017,1555225289216,1555225289810
1018,1555225289319,1555225289943
1019,1555225289421,1555225290037
1020,1555225289523,1555225290250
1021,1555225289626,1555225290473
1022,1555225289730,1555225290721
1023,1555225289833,1555225290924
1024,1555225289937,1555225291139
1025,1555225290038,1555225291329
1026,1555225290140,1555225291345
1027,1555225290242,1555225291541
1028,1555225290344,1555225293805
1029,1555225290445,1555225294231
1031,1555225290650,1555225297040
1030,1555225290547,1555225297075
1033,1555225290856,1555225297537
1032,1555225290752,1555225297539
1034,1555225290961,1555225297697
1035,1555225291065,1555225297697
1037,1555225291274,1555225297698
1036,1555225291168,1555225297698
1039,1555225291485,1555225298007
1040,1555225291587,1555225298012
1041,1555225291689,1555225298014
1043,1555225291895,1555225298113
1044,1555225291996,1555225298117
1042,1555225291792,1555225298118
1038,1555225291382,1555225298120
1045,1555225292099,1555225298169
1050,1555225292608,1555225298171
1052,1555225292814,1555225298173
1046,1555225292200,1555225298178
1061,1555225293737,1555225298180
1047,1555225292303,1555225298218
1056,1555225293224,1555225298219
1055,1555225293121,1555225298219
1048,1555225292405,1555225298220
1058,1555225293429,1555225298221
1049,1555225292507,1555225298221
1059,1555225293531,1555225298221
1051,1555225292711,1555225298234
1062,1555225293840,1555225298235
1063,1555225293942,1555225298235
1053,1555225292916,1555225298236
1067,1555225294352,1555225298236
1054,1555225293018,1555225298237
1057,1555225293327,1555225298237
1064,1555225294044,1555225298238
1066,1555225294249,1555225298239
1065,1555225294147,1555225298239
1060,1555225293634,1555225298239
1069,1555225294557,1555225298267
1070,1555225294658,1555225298549
1086,1555225296296,1555225298551
1073,1555225294966,1555225298560
1080,1555225295683,1555225298563
1079,1555225295580,1555225298565
1078,1555225295478,1555225298615
1068,1555225294453,1555225298616
1074,1555225295067,1555225298616
1091,1555225296812,1555225298617
1093,1555225297017,1555225298617
1077,1555225295376,1555225298618
1090,1555225296711,1555225298618
1095,1555225297221,1555225298619
1075,1555225295170,1555225298620
1088,1555225296505,1555225298621
1072,1555225294863,1555225298622
1083,1555225295990,1555225298623
1087,1555225296403,1555225298623
1081,1555225295786,1555225298624
1089,1555225296608,1555225298625
1097,1555225297423,1555225298627
1071,1555225294761,1555225298628
1098,1555225297524,1555225298629
1092,1555225296915,1555225298739
1082,1555225295888,1555225298745
1094,1555225297118,1555225298747
1085,1555225296194,1555225298751
1096,1555225297322,1555225298758
1076,1555225295273,1555225298741
1084,1555225296091,1555225298743
1100,1555225297727,1555225298779
1099,1555225297626,1555225298781
1101,1555225297829,1555225298936
1102,1555225297930,1555225299010
1104,1555225298135,1555225299063
1103,1555225298033,1555225299063
1105,1555225298238,1555225299135
1106,1555225298339,1555225299400
1107,1555225298440,1555225299402
1108,1555225298544,1555225299404
1109,1555225298646,1555225299412
1110,1555225298764,1555225299552
1111,1555225298867,1555225299677
1112,1555225298968,1555225299680
1113,1555225299071,1555225299896
1115,1555225299272,1555225299898
1114,1555225299172,1555225299899
1116,1555225299375,1555225299989
1117,1555225299476,1555225300044
1118,1555225299582,1555225300131
1119,1555225299685,1555225300238
1120,1555225299789,1555225300293
1121,1555225299890,1555225300416
1122,1555225299992,1555225300552
1123,1555225300093,1555225300644
1124,1555225300194,1555225300780
1125,1555225300299,1555225300898
1126,1555225300401,1555225300947
1127,1555225300503,1555225301091
1128,1555225300605,1555225301135
1129,1555225300706,1555225301218
1130,1555225300809,1555225301359
1131,1555225300911,1555225301523
1132,1555225301013,1555225301529
1133,1555225301116,1555225301653
1134,1555225301222,1555225301758
1135,1555225301322,1555225301905
1136,1555225301423,1555225301915
1137,1555225301530,1555225302043
1138,1555225301633,1555225302156
1139,1555225301734,1555225302268
1140,1555225301836,1555225302371
1141,1555225301937,1555225302458
1142,1555225302038,1555225302572
1143,1555225302142,1555225302752
1144,1555225302243,1555225302959
1145,1555225302344,1555225302980
1146,1555225302447,1555225303103
1147,1555225302549,1555225303223
1148,1555225302649,1555225303323
1149,1555225302757,1555225303343
1150,1555225302860,1555225303391
1151,1555225302961,1555225303451
1152,1555225303063,1555225303552
1153,1555225303165,1555225303683
1154,1555225303266,1555225303784
1155,1555225303368,1555225303916
1156,1555225303470,1555225304090
1157,1555225303573,1555225304229
1158,1555225303675,1555225304306
1159,1555225303777,1555225304360
1160,1555225303879,1555225304486
1161,1555225303981,1555225304589
1162,1555225304084,1555225304635
1163,1555225304185,1555225304770
1164,1555225304286,1555225304833
1165,1555225304388,1555225304877
1166,1555225304488,1555225304970
1167,1555225304590,1555225305086
1168,1555225304693,1555225305205
1169,1555225304795,1555225305308
1170,1555225304895,1555225305399
1171,1555225304996,1555225305466
1172,1555225305099,1555225305569
1173,1555225305201,1555225305675
1174,1555225305304,1555225305783
1175,1555225305410,1555225305923
1176,1555225305511,1555225306069
1177,1555225305614,1555225306141
1178,1555225305716,1555225306262
1180,1555225305927,1555225306425
1179,1555225305819,1555225306448
1181,1555225306030,1555225306518
1182,1555225306132,1555225306619
1183,1555225306234,1555225306743
1184,1555225306335,1555225306797
1185,1555225306439,1555225306901
1186,1555225306539,1555225307005
1187,1555225306642,1555225307117
1188,1555225306744,1555225307221
1189,1555225306849,1555225307339
1190,1555225306952,1555225307540
1191,1555225307054,1555225307644
1192,1555225307157,1555225307714
1193,1555225307258,1555225307817
1195,1555225307463,1555225307922
1194,1555225307360,1555225307923
1196,1555225307565,1555225308060
1197,1555225307669,1555225308249
1198,1555225307771,1555225308471
1199,1555225307874,1555225308726
1200,1555225307975,1555225308935
1201,1555225308077,1555225309113
1202,1555225308181,1555225309328
1203,1555225308285,1555225309519
1204,1555225308390,1555225309532
1205,1555225308491,1555225309730
1207,1555225308698,1555225309979
1206,1555225308596,1555225310139
1208,1555225308798,1555225310141
1209,1555225308901,1555225310359
1210,1555225309005,1555225310386
1211,1555225309108,1555225310757
1212,1555225309209,1555225310791
1213,1555225309313,1555225311165
1215,1555225309516,1555225311200
1214,1555225309415,1555225311364
1216,1555225309617,1555225311609
1217,1555225309721,1555225312640
1218,1555225309824,1555225312848
1219,1555225309927,1555225312863
1221,1555225310132,1555225313976
1220,1555225310030,1555225313986
1222,1555225310235,1555225314017
1223,1555225310338,1555225314040
1225,1555225310543,1555225314123
1224,1555225310440,1555225314126
1226,1555225310645,1555225314137
1227,1555225310748,1555225314143
1229,1555225310954,1555225314153
1228,1555225310850,1555225314155
1230,1555225311055,1555225314210
1231,1555225311158,1555225314240
1233,1555225311365,1555225314245
1235,1555225311570,1555225314253
1232,1555225311260,1555225314257
1234,1555225311467,1555225314272
1236,1555225311672,1555225314275
1239,1555225311981,1555225314291
1237,1555225311775,1555225314293
1238,1555225311879,1555225314296
1240,1555225312082,1555225314312
1242,1555225312287,1555225314315
1243,1555225312390,1555225314321
1241,1555225312185,1555225314323
1245,1555225312596,1555225314331
1244,1555225312492,1555225314335
1247,1555225312801,1555225314346
1246,1555225312697,1555225314346
1249,1555225313005,1555225314358
1248,1555225312903,1555225314383
1255,1555225313617,1555225314414
1251,1555225313209,1555225314417
1252,1555225313311,1555225314444
1253,1555225313414,1555225314445
1256,1555225313719,1555225314448
1258,1555225313922,1555225314451
1257,1555225313822,1555225314456
1250,1555225313108,1555225314456
1259,1555225314025,1555225314462
1254,1555225313515,1555225314464
1260,1555225314125,1555225314554
1261,1555225314225,1555225314677
1262,1555225314325,1555225314786
1263,1555225314430,1555225314885
1264,1555225314531,1555225314992
1265,1555225314632,1555225315114
1266,1555225314733,1555225315186
1267,1555225314837,1555225315294
1268,1555225314938,1555225315387
1269,1555225315040,1555225315499
1270,1555225315145,1555225315615
1271,1555225315246,1555225315744
1272,1555225315346,1555225315801
1273,1555225315447,1555225315931
1274,1555225315548,1555225315990
1275,1555225315649,1555225316110
1276,1555225315753,1555225316195
1277,1555225315856,1555225316305
1278,1555225315957,1555225316401
1279,1555225316059,1555225316515
1280,1555225316161,1555225316630
1281,1555225316263,1555225316844
1282,1555225316363,1555225316863
1283,1555225316464,1555225316913
1284,1555225316567,1555225317070
1285,1555225316669,1555225317128
1286,1555225316770,1555225317234
1287,1555225316871,1555225317350
1288,1555225316976,1555225317414
1289,1555225317076,1555225317516
1290,1555225317180,1555225317638
1291,1555225317284,1555225317740
1292,1555225317386,1555225317845
1293,1555225317488,1555225317962
1294,1555225317591,1555225318029
1295,1555225317692,1555225318121
1296,1555225317794,1555225318233
1297,1555225317896,1555225318335
1298,1555225317999,1555225318442
1299,1555225318101,1555225318553
1300,1555225318202,1555225318644
1301,1555225318304,1555225318734
1302,1555225318406,1555225318846
1303,1555225318509,1555225318941
1304,1555225318609,1555225319047
1305,1555225318710,1555225319154
1306,1555225318810,1555225319247
1307,1555225318912,1555225319341
1308,1555225319015,1555225319444
1309,1555225319115,1555225319575
1310,1555225319220,1555225319661
1311,1555225319320,1555225319778
1312,1555225319422,1555225319890
1313,1555225319523,1555225319984
1314,1555225319625,1555225320066
1315,1555225319727,1555225320201
1316,1555225319828,1555225320304
1317,1555225319929,1555225320407
1318,1555225320034,1555225320471
1319,1555225320135,1555225320579
1320,1555225320236,1555225320673
1321,1555225320338,1555225320783
1322,1555225320441,1555225320885
1323,1555225320543,1555225321012
1324,1555225320644,1555225321116
1325,1555225320746,1555225321191
1326,1555225320848,1555225321304
1327,1555225320949,1555225321396
1328,1555225321050,1555225321499
1329,1555225321153,1555225321652
1330,1555225321255,1555225321701
1331,1555225321357,1555225321798
1332,1555225321459,1555225321885
1333,1555225321561,1555225322004
1334,1555225321662,1555225322115
1335,1555225321763,1555225322219
1336,1555225321865,1555225322321
1337,1555225321967,1555225322403
1338,1555225322069,1555225322498
1339,1555225322170,1555225322613
1340,1555225322272,1555225322715
1341,1555225322374,1555225322857
1342,1555225322476,1555225322932
1343,1555225322578,1555225323045
1344,1555225322680,1555225323122
1345,1555225322781,1555225323212
1346,1555225322882,1555225323331
1347,1555225322985,1555225323430
1348,1555225323088,1555225323516
1349,1555225323191,1555225323625
1350,1555225323292,1555225323736
1351,1555225323393,1555225323826
1352,1555225323496,1555225323962
1353,1555225323598,1555225324052
1354,1555225323699,1555225324150
1355,1555225323801,1555225324238
1356,1555225323904,1555225324361
1357,1555225324006,1555225324450
1358,1555225324107,1555225324538
1359,1555225324209,1555225324654
1360,1555225324311,1555225324753
1361,1555225324414,1555225324865
1362,1555225324516,1555225324978
1363,1555225324618,1555225325068
1364,1555225324719,1555225325162
1365,1555225324821,1555225325278
1366,1555225324923,1555225325381
1367,1555225325024,1555225325485
1368,1555225325126,1555225325650
1369,1555225325228,1555225325711
1370,1555225325329,1555225325818
1372,1555225325534,1555225326019
1371,1555225325431,1555225326022
1373,1555225325637,1555225326169
1374,1555225325739,1555225326481
1375,1555225325841,1555225326483
1376,1555225325942,1555225326629
1377,1555225326044,1555225326733
1379,1555225326248,1555225326946
1378,1555225326146,1555225326948
1381,1555225326453,1555225327070
1380,1555225326351,1555225327076
1382,1555225326554,1555225327211
1383,1555225326655,1555225327319
1384,1555225326756,1555225327441
1385,1555225326859,1555225327442
1386,1555225326961,1555225327569
1387,1555225327065,1555225327571
1388,1555225327167,1555225327709
1389,1555225327268,1555225327833
1390,1555225327370,1555225328175
1392,1555225327575,1555225328361
1391,1555225327473,1555225328362
1394,1555225327781,1555225328474
1393,1555225327679,1555225328476
1395,1555225327883,1555225328645
1396,1555225327984,1555225328653
1397,1555225328087,1555225328705
1398,1555225328190,1555225328745
1399,1555225328293,1555225328791
1400,1555225328395,1555225328893
1401,1555225328497,1555225329015
1402,1555225328598,1555225329155
1403,1555225328700,1555225329274
1404,1555225328804,1555225329456
1405,1555225328908,1555225329639
1406,1555225329011,1555225329681
1407,1555225329113,1555225329800
1408,1555225329214,1555225329898
1409,1555225329316,1555225330048
1410,1555225329418,1555225330053
1411,1555225329521,1555225330214
1413,1555225329725,1555225330330
1412,1555225329623,1555225330339
1414,1555225329828,1555225330438
1415,1555225329930,1555225330532
1416,1555225330032,1555225330715
1417,1555225330134,1555225330718
1418,1555225330234,1555225330909
1419,1555225330343,1555225331022
1420,1555225330448,1555225331180
1421,1555225330548,1555225331283
1422,1555225330650,1555225331293
1424,1555225330851,1555225331523
1423,1555225330750,1555225331526
1425,1555225330952,1555225331794
1426,1555225331054,1555225331798
1427,1555225331155,1555225331954
1429,1555225331356,1555225332511
1428,1555225331255,1555225332513
1431,1555225331562,1555225334373
1430,1555225331459,1555225334395
1433,1555225331768,1555225335805
1432,1555225331666,1555225336627
1434,1555225331870,1555225336872
1436,1555225332072,1555225337927
1437,1555225332175,1555225337932
1438,1555225332276,1555225338027
1440,1555225332482,1555225338039
1439,1555225332379,1555225338047
1441,1555225332584,1555225338077
1442,1555225332687,1555225338102
1444,1555225332893,1555225338124
1435,1555225331971,1555225338132
1443,1555225332790,1555225338133
1447,1555225333199,1555225338138
1445,1555225332994,1555225338140
1446,1555225333097,1555225338140
1448,1555225333302,1555225338149
1451,1555225333609,1555225338154
1454,1555225333914,1555225338157
1450,1555225333507,1555225338158
1453,1555225333812,1555225338159
1449,1555225333405,1555225338161
1452,1555225333710,1555225338162
1455,1555225334017,1555225338167
1457,1555225334224,1555225338175
1458,1555225334327,1555225338177
1456,1555225334121,1555225338179
1459,1555225334428,1555225338192
1460,1555225334529,1555225338207
1461,1555225334631,1555225338233
1462,1555225334735,1555225338235
1463,1555225334838,1555225338245
1464,1555225334939,1555225338244
1466,1555225335150,1555225338257
1467,1555225335253,1555225338263
1468,1555225335356,1555225338263
1465,1555225335047,1555225338264
1469,1555225335457,1555225338269
1470,1555225335560,1555225338270
1471,1555225335662,1555225338279
1473,1555225335866,1555225338287
1474,1555225335969,1555225338290
1472,1555225335765,1555225338290
1476,1555225336173,1555225338332
1475,1555225336070,1555225338335
1477,1555225336275,1555225338338
1478,1555225336378,1555225338350
1479,1555225336480,1555225338355
1480,1555225336581,1555225338359
1481,1555225336683,1555225338369
1482,1555225336786,1555225338370
1484,1555225336991,1555225338374
1485,1555225337092,1555225338383
1486,1555225337195,1555225338386
1483,1555225336887,1555225338388
1488,1555225337400,1555225338393
1487,1555225337298,1555225338414
1489,1555225337503,1555225338456
1491,1555225337708,1555225338460
1490,1555225337605,1555225338462
1492,1555225337811,1555225338465
1493,1555225337912,1555225338478
1494,1555225338015,1555225338492
1495,1555225338117,1555225338571
1496,1555225338220,1555225338668
1497,1555225338322,1555225338823
1498,1555225338424,1555225338857
1499,1555225338525,1555225338960
1500,1555225338626,1555225339066
1501,1555225338728,1555225339173
1502,1555225338830,1555225339275
1503,1555225338932,1555225339364
1504,1555225339033,1555225339488
1505,1555225339135,1555225339615
1506,1555225339236,1555225339668
1507,1555225339338,1555225339771
1508,1555225339440,1555225339904
1509,1555225339543,1555225339987
1510,1555225339645,1555225340117
1511,1555225339749,1555225340202
1512,1555225339851,1555225340300
1513,1555225339954,1555225340396
1514,1555225340056,1555225340518
1515,1555225340158,1555225340589
1516,1555225340260,1555225340720
1517,1555225340361,1555225340801
1518,1555225340464,1555225340911
1519,1555225340566,1555225341023
1520,1555225340668,1555225341141
1521,1555225340769,1555225341211
1522,1555225340871,1555225341326
1523,1555225340973,1555225341431
1524,1555225341075,1555225341510
1525,1555225341177,1555225341616
1526,1555225341278,1555225341712
1527,1555225341380,1555225341818
1528,1555225341483,1555225341917
1529,1555225341585,1555225342033
1530,1555225341688,1555225342127
1531,1555225341790,1555225342232
1532,1555225341892,1555225342333
1533,1555225341993,1555225342445
1534,1555225342094,1555225342537
1535,1555225342196,1555225342651
1536,1555225342297,1555225342741
1537,1555225342399,1555225342842
1538,1555225342502,1555225342941
1539,1555225342604,1555225343043
1540,1555225342706,1555225343155
1541,1555225342809,1555225343247
1542,1555225342912,1555225343352
1543,1555225343015,1555225343458
1544,1555225343116,1555225343555
1545,1555225343218,1555225343659
1546,1555225343321,1555225343763
1547,1555225343422,1555225343898
1548,1555225343524,1555225344009
1549,1555225343627,1555225344109
1550,1555225343728,1555225344174
1551,1555225343830,1555225344271
1552,1555225343930,1555225344398
1553,1555225344032,1555225344464
1554,1555225344136,1555225344619
1555,1555225344241,1555225344698
1556,1555225344344,1555225344782
1557,1555225344446,1555225344886
1558,1555225344548,1555225344985
1559,1555225344650,1555225345145
1560,1555225344755,1555225345207
1561,1555225344857,1555225345313
1562,1555225344959,1555225345435
1563,1555225345060,1555225345546
1564,1555225345162,1555225345616
1565,1555225345264,1555225345730
1566,1555225345365,1555225345838
1567,1555225345467,1555225345961
1568,1555225345570,1555225346087
1569,1555225345672,1555225346172
1570,1555225345774,1555225346294
1571,1555225345875,1555225346344
1572,1555225345976,1555225346415
1573,1555225346078,1555225346513
1574,1555225346181,1555225346649
1575,1555225346283,1555225346722
1576,1555225346385,1555225346863
1577,1555225346487,1555225346966
1578,1555225346589,1555225347104
1579,1555225346691,1555225347212
1580,1555225346793,1555225347288
1581,1555225346895,1555225347428
1582,1555225346999,1555225347475
1583,1555225347105,1555225347552
1584,1555225347207,1555225347662
1585,1555225347309,1555225347757
1586,1555225347412,1555225347851
1587,1555225347513,1555225347961
1588,1555225347614,1555225348084
1589,1555225347715,1555225348195
1590,1555225347817,1555225348291
1592,1555225348022,1555225348459
1591,1555225347920,1555225348465
1593,1555225348123,1555225348558
1594,1555225348224,1555225348712
1595,1555225348326,1555225348777
1596,1555225348429,1555225348907
1597,1555225348531,1555225349020
1598,1555225348633,1555225349229
1599,1555225348741,1555225349528
1600,1555225348843,1555225349633
1603,1555225349150,1555225349936
1602,1555225349047,1555225349949
1601,1555225348944,1555225349966
1605,1555225349353,1555225350258
1606,1555225349455,1555225350503
1604,1555225349251,1555225350516
1608,1555225349664,1555225352997
1607,1555225349558,1555225353656
1609,1555225349769,1555225354473
1610,1555225349871,1555225356448
1611,1555225349972,1555225356622
1612,1555225350073,1555225356648
1613,1555225350176,1555225356670
1614,1555225350278,1555225356720
1616,1555225350479,1555225356802
1615,1555225350379,1555225356816
1623,1555225351197,1555225356827
1621,1555225350992,1555225356828
1624,1555225351300,1555225356830
1622,1555225351094,1555225356831
1627,1555225351606,1555225356837
1628,1555225351709,1555225356839
1625,1555225351401,1555225356841
1631,1555225352019,1555225356840
1629,1555225351812,1555225356842
1626,1555225351504,1555225356842
1630,1555225351914,1555225356843
1634,1555225352325,1555225356859
1617,1555225350582,1555225356857
1636,1555225352528,1555225356859
1618,1555225350684,1555225356860
1619,1555225350787,1555225356863
1644,1555225353344,1555225356864
1638,1555225352732,1555225356865
1632,1555225352121,1555225356866
1633,1555225352222,1555225356866
1640,1555225352936,1555225356867
1637,1555225352628,1555225356873
1635,1555225352426,1555225356874
1643,1555225353243,1555225356875
1639,1555225352834,1555225356875
1620,1555225350890,1555225356876
1647,1555225353648,1555225356881
1645,1555225353445,1555225356883
1646,1555225353546,1555225356884
1641,1555225353038,1555225356885
1642,1555225353141,1555225356886
1649,1555225353853,1555225356918
1650,1555225353955,1555225356919
1652,1555225354164,1555225356920
1648,1555225353751,1555225356920
1651,1555225354060,1555225356926
1653,1555225354265,1555225356942
1654,1555225354368,1555225356944
1657,1555225354673,1555225356965
1656,1555225354571,1555225356968
1660,1555225354976,1555225356970
1655,1555225354469,1555225356987
1665,1555225355489,1555225357027
1668,1555225355796,1555225357029
1666,1555225355592,1555225357031
1661,1555225355076,1555225357033
1662,1555225355179,1555225357034
1664,1555225355388,1555225357037
1670,1555225356002,1555225357039
1674,1555225356405,1555225357040
1658,1555225354774,1555225357044
1671,1555225356102,1555225357054
1669,1555225355900,1555225357055
1672,1555225356204,1555225357070
1676,1555225356608,1555225357071
1659,1555225354875,1555225357088
1673,1555225356304,1555225357093
1667,1555225355694,1555225357101
1675,1555225356506,1555225357120
1677,1555225356709,1555225357170
1678,1555225356809,1555225357278
1679,1555225356909,1555225357364
1680,1555225357011,1555225357489
1681,1555225357113,1555225357595
1682,1555225357214,1555225357687
1683,1555225357316,1555225357776
1684,1555225357417,1555225357870
1685,1555225357522,1555225357991
1686,1555225357623,1555225358075
1687,1555225357729,1555225358184
1688,1555225357829,1555225358270
1689,1555225357930,1555225358365
1690,1555225358032,1555225358492
1691,1555225358137,1555225358589
1692,1555225358237,1555225358700
1693,1555225358338,1555225358765
1694,1555225358439,1555225358885
1695,1555225358540,1555225358983
1696,1555225358641,1555225359096
1697,1555225358743,1555225359181
1698,1555225358845,1555225359275
1699,1555225358947,1555225359383
1700,1555225359047,1555225359494
1701,1555225359149,1555225359588
1702,1555225359250,1555225359698
1703,1555225359351,1555225359779
1704,1555225359452,1555225359890
1705,1555225359554,1555225359981
1706,1555225359658,1555225360109
1707,1555225359759,1555225360238
1708,1555225359859,1555225360342
1709,1555225359960,1555225360396
1710,1555225360061,1555225360509
1711,1555225360162,1555225360593
1712,1555225360263,1555225360701
1713,1555225360366,1555225360806
1714,1555225360468,1555225360908
1715,1555225360569,1555225361013
1716,1555225360670,1555225361100
1717,1555225360771,1555225361201
1718,1555225360874,1555225361314
1719,1555225360975,1555225361416
1720,1555225361076,1555225361519
1721,1555225361178,1555225361617
1723,1555225361380,1555225361848
1724,1555225361481,1555225361907
1725,1555225361583,1555225362045
1726,1555225361685,1555225362151
1727,1555225361787,1555225362226
1728,1555225361889,1555225362348
1729,1555225361990,1555225362458
1730,1555225362092,1555225362543
1731,1555225362195,1555225362645
1732,1555225362297,1555225362792
1733,1555225362398,1555225362824
1734,1555225362500,1555225362958
1735,1555225362601,1555225363059
1736,1555225362704,1555225363146
1737,1555225362805,1555225363266
1738,1555225362908,1555225363350
1739,1555225363009,1555225363444
1740,1555225363112,1555225363553
1741,1555225363214,1555225363654
1742,1555225363315,1555225363777
1743,1555225363418,1555225363884
1744,1555225363520,1555225363966
1745,1555225363622,1555225364075
1746,1555225363724,1555225364180
1747,1555225363825,1555225364299
1748,1555225363928,1555225364365
1749,1555225364030,1555225364490
1750,1555225364135,1555225364593
1751,1555225364236,1555225364693
1752,1555225364338,1555225364789
1753,1555225364439,1555225364886
1754,1555225364540,1555225364994
1755,1555225364642,1555225365094
1756,1555225364744,1555225365203
1757,1555225364847,1555225365274
1758,1555225364949,1555225365379
1759,1555225365051,1555225365511
1760,1555225365153,1555225365607
1761,1555225365254,1555225365697
1762,1555225365356,1555225365801
1763,1555225365458,1555225365903
1764,1555225365560,1555225366008
1765,1555225365662,1555225366091
1766,1555225365763,1555225366194
1767,1555225365864,1555225366292
1768,1555225365964,1555225366413
1769,1555225366065,1555225366550
1770,1555225366166,1555225366650
1771,1555225366266,1555225366724
1772,1555225366367,1555225366869
1773,1555225366468,1555225366980
1774,1555225366571,1555225367093
1775,1555225366672,1555225367200
1776,1555225366773,1555225367298
1777,1555225366873,1555225367305
1778,1555225366974,1555225367420
1779,1555225367086,1555225367522
1780,1555225367187,1555225367617
1781,1555225367287,1555225367813
1782,1555225367388,1555225367839
1783,1555225367488,1555225367958
1784,1555225367590,1555225368055
1785,1555225367692,1555225368255
1786,1555225367793,1555225368435
1787,1555225367894,1555225368723
1788,1555225367996,1555225368912
1789,1555225368099,1555225369109
1790,1555225368202,1555225369301
1791,1555225368303,1555225369327
1792,1555225368405,1555225369529
1793,1555225368505,1555225369949
1794,1555225368608,1555225369962
1795,1555225368710,1555225370167
1796,1555225368812,1555225370558
1797,1555225368913,1555225370782
1798,1555225369017,1555225370969
1799,1555225369119,1555225371185
1800,1555225369220,1555225371595
1801,1555225369322,1555225371787
1802,1555225369424,1555225371811
1803,1555225369525,1555225372835
1804,1555225369628,1555225373035
1805,1555225369734,1555225373239
1807,1555225369936,1555225373247
1806,1555225369836,1555225373427
1810,1555225370243,1555225374016
1809,1555225370140,1555225374026
1808,1555225370037,1555225374037
1812,1555225370447,1555225374054
1811,1555225370345,1555225374073
1813,1555225370548,1555225374082
1814,1555225370651,1555225374100
1815,1555225370760,1555225374139
1816,1555225370862,1555225374153
1817,1555225370963,1555225374174
1818,1555225371066,1555225374208
1819,1555225371168,1555225374268
1820,1555225371271,1555225374272
1823,1555225371576,1555225374273
1821,1555225371374,1555225374278
1825,1555225371779,1555225374280
1824,1555225371678,1555225374290
1826,1555225371881,1555225374306
1827,1555225371983,1555225374311
1822,1555225371475,1555225374317
1829,1555225372186,1555225374358
1828,1555225372085,1555225374364
1830,1555225372286,1555225374368
1831,1555225372390,1555225374369
1832,1555225372492,1555225374370
1833,1555225372601,1555225374373
1836,1555225372904,1555225374374
1835,1555225372802,1555225374375
1834,1555225372701,1555225374376
1837,1555225373008,1555225374385
1839,1555225373209,1555225374407
1838,1555225373108,1555225374410
1840,1555225373310,1555225374423
1843,1555225373616,1555225374464
1842,1555225373514,1555225374469
1844,1555225373717,1555225374471
1841,1555225373413,1555225374474
1847,1555225374023,1555225374478
1846,1555225373921,1555225374479
1845,1555225373820,1555225374488
1848,1555225374127,1555225374587
1849,1555225374254,1555225374710
1850,1555225374355,1555225374802
1851,1555225374457,1555225374922
1852,1555225374559,1555225375010
1853,1555225374660,1555225375101
1854,1555225374762,1555225375232
1855,1555225374864,1555225375335
1856,1555225374965,1555225375440
1857,1555225375067,1555225375501
1858,1555225375170,1555225375643
1859,1555225375271,1555225375730
1860,1555225375372,1555225375813
1861,1555225375475,1555225375940
1862,1555225375577,1555225376077
1863,1555225375679,1555225376186
1864,1555225375780,1555225376284
1865,1555225375881,1555225376354
1866,1555225375983,1555225376439
1867,1555225376085,1555225376570
1868,1555225376187,1555225376663
1869,1555225376289,1555225376712
1870,1555225376391,1555225376873
1871,1555225376492,1555225376945
1872,1555225376595,1555225377057
1873,1555225376697,1555225377222
1874,1555225376799,1555225377279
1875,1555225376900,1555225377396
1876,1555225377003,1555225377554
1877,1555225377105,1555225377697
1878,1555225377206,1555225377797
1879,1555225377307,1555225377814
1880,1555225377409,1555225377917
1881,1555225377513,1555225378047
1882,1555225377614,1555225378086
1883,1555225377716,1555225378189
1884,1555225377819,1555225378277
1885,1555225377921,1555225378382
1886,1555225378021,1555225378505
1887,1555225378124,1555225378581
1888,1555225378228,1555225378685
1889,1555225378329,1555225378792
1890,1555225378432,1555225378910
1891,1555225378535,1555225378975
1892,1555225378635,1555225379084
1893,1555225378737,1555225379184
1894,1555225378840,1555225379289
1895,1555225378941,1555225379396
1896,1555225379045,1555225379528
1897,1555225379147,1555225379607
1898,1555225379248,1555225379694
1899,1555225379351,1555225379800
1900,1555225379452,1555225379898
1901,1555225379554,1555225380025
1902,1555225379655,1555225380138
1903,1555225379757,1555225380268
1904,1555225379860,1555225380367
1905,1555225379960,1555225380435
1906,1555225380062,1555225380635
1907,1555225380163,1555225380650
1908,1555225380265,1555225380774
1909,1555225380369,1555225380947
1910,1555225380471,1555225381021
1911,1555225380573,1555225381135
1912,1555225380675,1555225381196
1913,1555225380777,1555225381300
1914,1555225380881,1555225381366
1915,1555225380983,1555225381434
1916,1555225381088,1555225381536
1917,1555225381189,1555225381652
1918,1555225381291,1555225381733
1919,1555225381394,1555225381859
1920,1555225381494,1555225381987
1921,1555225381596,1555225382082
1922,1555225381698,1555225382197
1923,1555225381855,1555225382294
1924,1555225381955,1555225382408
1925,1555225382058,1555225382497
1926,1555225382159,1555225382603
1927,1555225382260,1555225382715
1928,1555225382360,1555225382804
1929,1555225382462,1555225382916
1930,1555225382564,1555225383025
1931,1555225382665,1555225383125
1932,1555225382767,1555225383237
1933,1555225382869,1555225383324
1934,1555225382970,1555225383454
1935,1555225383072,1555225383524
1936,1555225383175,1555225383624
1937,1555225383276,1555225383739
1938,1555225383378,1555225383835
1939,1555225383479,1555225383917
1940,1555225383581,1555225384039
1941,1555225383684,1555225384130
1942,1555225383786,1555225384223
1943,1555225383887,1555225384346
1944,1555225383988,1555225384434
1945,1555225384090,1555225384532
1946,1555225384191,1555225384635
1947,1555225384292,1555225384728
1948,1555225384394,1555225384856
1949,1555225384496,1555225384938
1950,1555225384597,1555225385040
1951,1555225384698,1555225385143
1952,1555225384801,1555225385259
1953,1555225384911,1555225385335
1954,1555225385013,1555225385439
1955,1555225385114,1555225385670
1956,1555225385216,1555225386234
1957,1555225385316,1555225386642
1960,1555225385620,1555225386888
1958,1555225385418,1555225386889
1959,1555225385518,1555225386890
1961,1555225385723,1555225387234
1965,1555225386130,1555225387236
1964,1555225386028,1555225387328
1963,1555225385926,1555225387330
1966,1555225386231,1555225387332
1962,1555225385824,1555225387334
1968,1555225386434,1555225387542
1969,1555225386535,1555225387546
1967,1555225386332,1555225387547
1972,1555225386841,1555225387737
1970,1555225386636,1555225387869
1971,1555225386740,1555225387870
1974,1555225387043,1555225387871
1973,1555225386942,1555225387872
1976,1555225387247,1555225387977
1975,1555225387145,1555225387982
1979,1555225387558,1555225388177
1977,1555225387352,1555225388181
1978,1555225387456,1555225388184
1980,1555225387662,1555225388311
1981,1555225387764,1555225388314
1983,1555225387967,1555225388573
1982,1555225387866,1555225388577
1663,1555225355282,1555225388575
1984,1555225388068,1555225388766
1985,1555225388170,1555225389097
1986,1555225388272,1555225389150
1987,1555225388375,1555225389393
1988,1555225388479,1555225389595
1989,1555225388581,1555225389597
1990,1555225388684,1555225389619
1992,1555225388888,1555225389867
1991,1555225388786,1555225389868
1993,1555225388991,1555225390203
1996,1555225389298,1555225390204
1994,1555225389094,1555225390206
1995,1555225389195,1555225390207
1997,1555225389400,1555225390554
1998,1555225389502,1555225390721
1999,1555225389603,1555225390812
2001,1555225389807,1555225391027
2000,1555225389706,1555225391023
2003,1555225390011,1555225391126
2002,1555225389908,1555225391128
2005,1555225390215,1555225391497
2004,1555225390114,1555225391925
2008,1555225390522,1555225391930
2007,1555225390419,1555225391931
2009,1555225390623,1555225391932
2011,1555225390827,1555225392844
2012,1555225390929,1555225392846
2006,1555225390317,1555225396190
2018,1555225391540,1555225398606
2014,1555225391132,1555225398613
2015,1555225391234,1555225398615
2013,1555225391030,1555225398616
2010,1555225390725,1555225398617
1722,1555225361279,1555225398620
2017,1555225391439,1555225398631
2023,1555225392054,1555225398816
2024,1555225392156,1555225398826
2016,1555225391337,1555225398879
2019,1555225391643,1555225398909
2025,1555225392259,1555225398910
2026,1555225392362,1555225398911
2030,1555225392771,1555225398913
2028,1555225392567,1555225398947
2039,1555225393691,1555225398948
2027,1555225392464,1555225398949
2022,1555225391950,1555225398950
2020,1555225391746,1555225398951
2029,1555225392668,1555225398952
2031,1555225392874,1555225398952
2037,1555225393486,1555225398953
2021,1555225391848,1555225398954
2034,1555225393179,1555225398955
2036,1555225393383,1555225398958
2040,1555225393793,1555225398959
2042,1555225393999,1555225398960
2041,1555225393896,1555225398961
2032,1555225392975,1555225398963
2043,1555225394102,1555225398964
2035,1555225393282,1555225398965
2033,1555225393078,1555225398966
2038,1555225393588,1555225398967
2044,1555225394205,1555225398967
2051,1555225394926,1555225398968
2045,1555225394308,1555225398969
2047,1555225394519,1555225398986
2046,1555225394411,1555225399000
2059,1555225395744,1555225399066
2060,1555225395847,1555225399069
2048,1555225394622,1555225399067
2049,1555225394724,1555225399071
2062,1555225396052,1555225399074
2058,1555225395643,1555225399072
2057,1555225395540,1555225399076
2054,1555225395233,1555225399084
2061,1555225395950,1555225399086
2052,1555225395029,1555225399087
2055,1555225395336,1555225399089
2056,1555225395437,1555225399100
2050,1555225394825,1555225399102
2063,1555225396154,1555225399104
2065,1555225396360,1555225399105
2066,1555225396462,1555225399108
2064,1555225396257,1555225399110
2070,1555225396872,1555225399113
2079,1555225397791,1555225399128
2069,1555225396769,1555225399130
2083,1555225398201,1555225399170
2082,1555225398098,1555225399170
2075,1555225397382,1555225399171
2072,1555225397076,1555225399172
2071,1555225396975,1555225399172
2078,1555225397688,1555225399173
2077,1555225397586,1555225399175
2085,1555225398404,1555225399199
2053,1555225395132,1555225399220
2074,1555225397280,1555225399222
2073,1555225397178,1555225399226
2076,1555225397483,1555225399227
2084,1555225398302,1555225399229
2080,1555225397895,1555225399245
2081,1555225397998,1555225399247
2068,1555225396666,1555225399251
2067,1555225396565,1555225399252
2086,1555225398506,1555225399253
2087,1555225398609,1555225399255
2088,1555225398712,1555225399279
2089,1555225398814,1555225399384
2090,1555225398914,1555225399503
2091,1555225399014,1555225399589
2092,1555225399122,1555225399601
2093,1555225399230,1555225399704
2094,1555225399333,1555225399804
2095,1555225399434,1555225399920
2096,1555225399581,1555225400070
2097,1555225399683,1555225400147
2098,1555225399785,1555225400374
2099,1555225399886,1555225400444
2100,1555225399986,1555225400652
2101,1555225400088,1555225400661
2102,1555225400190,1555225400775
2103,1555225400292,1555225400884
2104,1555225400394,1555225400888
2105,1555225400496,1555225401066
2106,1555225400599,1555225401136
2107,1555225400701,1555225401303
2108,1555225400804,1555225401370
2109,1555225400906,1555225401505
2110,1555225401012,1555225401575
2111,1555225401113,1555225401617
2112,1555225401215,1555225401751
2113,1555225401316,1555225401872
2114,1555225401418,1555225401907
2115,1555225401519,1555225401988
2116,1555225401621,1555225402134
2117,1555225401724,1555225402220
2118,1555225401826,1555225402292
2119,1555225401927,1555225402401
2120,1555225402029,1555225402495
2121,1555225402130,1555225402647
2122,1555225402232,1555225402789
2123,1555225402335,1555225402832
2124,1555225402436,1555225402919
2125,1555225402539,1555225403006
2126,1555225402642,1555225403118
2127,1555225402743,1555225403232
2128,1555225402845,1555225403308
2129,1555225402947,1555225403421
2130,1555225403050,1555225403549
2131,1555225403151,1555225403632
2132,1555225403253,1555225403742
2133,1555225403355,1555225403828
2134,1555225403457,1555225403914
2135,1555225403559,1555225404011
2136,1555225403662,1555225404166
2137,1555225403764,1555225404257
2138,1555225403866,1555225404378
2139,1555225403968,1555225404464
2140,1555225404069,1555225404551
2141,1555225404171,1555225404675
2142,1555225404273,1555225404717
2143,1555225404379,1555225404831
2144,1555225404480,1555225404919
2145,1555225404582,1555225405025
2146,1555225404685,1555225405166
2147,1555225404787,1555225405230
2148,1555225404889,1555225405371
2149,1555225404991,1555225405435
2150,1555225405094,1555225405546
2151,1555225405195,1555225405652
2152,1555225405297,1555225405757
2153,1555225405399,1555225405871
2154,1555225405502,1555225405975
2155,1555225405604,1555225406086
2156,1555225405706,1555225406192
2157,1555225405808,1555225406298
2158,1555225405910,1555225406402
2159,1555225406011,1555225406502
2160,1555225406113,1555225406595
2161,1555225406215,1555225406696
2162,1555225406316,1555225406816
2163,1555225406418,1555225406919
2164,1555225406520,1555225407025
2165,1555225406622,1555225407141
2166,1555225406724,1555225407272
2167,1555225406827,1555225407388
2168,1555225406929,1555225407513
2169,1555225407136,1555225407617
2170,1555225407238,1555225407705
2171,1555225407340,1555225407816
2172,1555225407441,1555225407890
2173,1555225407543,1555225408003
2174,1555225407647,1555225408095
2175,1555225407749,1555225408197
2176,1555225407850,1555225408299
2177,1555225407951,1555225408434
2178,1555225408051,1555225408527
2179,1555225408154,1555225408642
2180,1555225408255,1555225408746
2181,1555225408358,1555225408806
2182,1555225408460,1555225408903
2183,1555225408560,1555225409005
2184,1555225408661,1555225409124
2185,1555225408764,1555225409223
2186,1555225408867,1555225409338
2187,1555225408967,1555225409533
2188,1555225409069,1555225409643
2189,1555225409170,1555225409736
2190,1555225409274,1555225409827
2191,1555225409375,1555225409934
2192,1555225409476,1555225410031
2193,1555225409578,1555225410058
2194,1555225409680,1555225410263
2195,1555225409783,1555225410476
2196,1555225409885,1555225410738
2197,1555225409987,1555225411961
2198,1555225410091,1555225412816
2199,1555225410193,1555225413023
2201,1555225410398,1555225414663
2205,1555225410807,1555225416685
2200,1555225410295,1555225416699
2206,1555225410909,1555225416715
2208,1555225411114,1555225416727
2207,1555225411011,1555225416729
2209,1555225411215,1555225416737
2210,1555225411318,1555225416739
2218,1555225412135,1555225416905
2217,1555225412033,1555225416906
2213,1555225411625,1555225416928
2211,1555225411421,1555225416937
2212,1555225411522,1555225416938
2204,1555225410707,1555225416943
2216,1555225411931,1555225416943
2202,1555225410499,1555225416944
2214,1555225411727,1555225416945
2203,1555225410604,1555225416945
2215,1555225411829,1555225416946
2219,1555225412236,1555225416977
2220,1555225412339,1555225416978
2221,1555225412442,1555225416986
2223,1555225412646,1555225417012
2222,1555225412545,1555225417013
2226,1555225412954,1555225417034
2228,1555225413157,1555225417034
2227,1555225413055,1555225417035
2230,1555225413361,1555225417036
2231,1555225413463,1555225417038
2224,1555225412748,1555225417038
2229,1555225413259,1555225417039
2232,1555225413566,1555225417039
2242,1555225414588,1555225417040
2240,1555225414383,1555225417041
2234,1555225413771,1555225417041
2237,1555225414079,1555225417042
2236,1555225413976,1555225417042
2235,1555225413874,1555225417065
2241,1555225414486,1555225417066
2239,1555225414281,1555225417066
2233,1555225413669,1555225417067
2238,1555225414179,1555225417068
2243,1555225414691,1555225417105
2246,1555225414998,1555225417106
2244,1555225414793,1555225417107
2245,1555225414895,1555225417108
2249,1555225415304,1555225417149
2247,1555225415100,1555225417151
2255,1555225415919,1555225417179
2256,1555225416021,1555225417180
2248,1555225415203,1555225417182
2251,1555225415509,1555225417187
2262,1555225416631,1555225417189
2254,1555225415816,1555225417191
2250,1555225415406,1555225417193
2253,1555225415713,1555225417196
2252,1555225415611,1555225417198
2260,1555225416427,1555225417215
2258,1555225416223,1555225417217
2257,1555225416121,1555225417223
2259,1555225416324,1555225417225
2261,1555225416528,1555225417227
2263,1555225416732,1555225417269
2264,1555225416832,1555225417340
2265,1555225416939,1555225417502
2266,1555225417043,1555225417648
2267,1555225417143,1555225417774
2268,1555225417245,1555225417855
2269,1555225417347,1555225417974
2270,1555225417449,1555225418055
2271,1555225417550,1555225418128
2272,1555225417709,1555225418229
2273,1555225417811,1555225418339
2274,1555225417912,1555225418417
2275,1555225418012,1555225418512
2276,1555225418115,1555225418602
2277,1555225418217,1555225418704
2278,1555225418318,1555225418797
2279,1555225418419,1555225418913
2280,1555225418522,1555225419022
2281,1555225418624,1555225419148
2282,1555225418734,1555225419277
2283,1555225418836,1555225419387
2284,1555225418939,1555225419425
2285,1555225419042,1555225419520
2286,1555225419144,1555225419640
2287,1555225419246,1555225419738
2288,1555225419349,1555225419845
2289,1555225419452,1555225419947
2290,1555225419554,1555225420056
2291,1555225419657,1555225420141
2292,1555225419759,1555225420255
2293,1555225419861,1555225420340
2294,1555225419963,1555225420446
2295,1555225420066,1555225420554
2296,1555225420168,1555225420645
2297,1555225420271,1555225420743
2298,1555225420375,1555225420852
2299,1555225420477,1555225420928
2300,1555225420580,1555225421028
2301,1555225420682,1555225421136
2302,1555225420784,1555225421300
2303,1555225420886,1555225421338
2304,1555225420989,1555225421461
2305,1555225421090,1555225421565
2306,1555225421192,1555225421647
2307,1555225421301,1555225421774
2308,1555225421404,1555225421882
2309,1555225421506,1555225421987
2310,1555225421607,1555225422062
2311,1555225421708,1555225422195
2312,1555225421810,1555225422310
2313,1555225421910,1555225422413
2314,1555225422013,1555225422473
2315,1555225422117,1555225422591
2316,1555225422221,1555225422703
2317,1555225422322,1555225422823
2318,1555225422424,1555225422882
2319,1555225422527,1555225423005
2320,1555225422630,1555225423144
2321,1555225422733,1555225423195
2322,1555225422835,1555225423300
2323,1555225422937,1555225423415
2324,1555225423038,1555225423541
2325,1555225423140,1555225423583
2326,1555225423241,1555225423723
2327,1555225423343,1555225423840
2328,1555225423445,1555225423957
2329,1555225423547,1555225424091
2330,1555225423650,1555225424211
2331,1555225423752,1555225424252
2332,1555225423853,1555225424331
2333,1555225423958,1555225424451
2334,1555225424059,1555225424560
2335,1555225424160,1555225424675
2336,1555225424260,1555225424789
2337,1555225424363,1555225424869
2338,1555225424466,1555225424982
2339,1555225424567,1555225425104
2340,1555225424669,1555225425200
2341,1555225424771,1555225425314
2342,1555225424872,1555225425427
2343,1555225424975,1555225425513
2344,1555225425078,1555225425623
2345,1555225425179,1555225425743
2346,1555225425280,1555225425845
2347,1555225425381,1555225425868
2348,1555225425484,1555225425965
2349,1555225425584,1555225426086
2350,1555225425686,1555225426197
2351,1555225425788,1555225426319
2352,1555225425890,1555225426365
2353,1555225425991,1555225426475
2354,1555225426092,1555225426577
2355,1555225426194,1555225426657
2356,1555225426295,1555225426766
2357,1555225426398,1555225426911
2358,1555225426502,1555225427016
2359,1555225426604,1555225427124
2360,1555225426704,1555225427233
2361,1555225426804,1555225427330
2362,1555225426907,1555225427433
2363,1555225427008,1555225427533
2364,1555225427111,1555225427620
2365,1555225427213,1555225427735
2366,1555225427314,1555225427847
2367,1555225427415,1555225427978
2368,1555225427517,1555225428064
2369,1555225427619,1555225428238
2370,1555225427719,1555225428475
2371,1555225427820,1555225428496
2372,1555225427922,1555225428933
2373,1555225428023,1555225429321
2374,1555225428124,1555225429566
2375,1555225428228,1555225429743
2377,1555225428435,1555225429950
2376,1555225428331,1555225429957
2378,1555225428536,1555225430579
2379,1555225428638,1555225430795
2380,1555225428740,1555225431180
2381,1555225428843,1555225431194
2382,1555225428945,1555225431403
2384,1555225429148,1555225433056
2383,1555225429047,1555225433433
2385,1555225429252,1555225434086
2387,1555225429455,1555225434121
2386,1555225429354,1555225434344
2388,1555225429557,1555225434476
2389,1555225429659,1555225434483
2390,1555225429768,1555225434490
2391,1555225429870,1555225434492
2392,1555225429971,1555225434508
2393,1555225430073,1555225434584
2394,1555225430176,1555225434625
2395,1555225430278,1555225434626
2396,1555225430380,1555225434626
2398,1555225430582,1555225434628
2397,1555225430481,1555225434635
2401,1555225430889,1555225434640
2399,1555225430686,1555225434643
2400,1555225430788,1555225434646
2403,1555225431093,1555225434659
2402,1555225430991,1555225434695
2404,1555225431195,1555225434711
2405,1555225431297,1555225434722
2406,1555225431399,1555225434724
2407,1555225431501,1555225434726
2410,1555225431806,1555225434728
2409,1555225431705,1555225434730
2408,1555225431604,1555225434733
2412,1555225432011,1555225434746
2414,1555225432216,1555225434747
2411,1555225431909,1555225434748
2413,1555225432113,1555225434751
2417,1555225432522,1555225434758
2416,1555225432420,1555225434764
2415,1555225432318,1555225434765
2418,1555225432624,1555225434768
2419,1555225432727,1555225434773
2420,1555225432828,1555225434802
2424,1555225433237,1555225434827
2423,1555225433135,1555225434828
2422,1555225433033,1555225434829
2421,1555225432931,1555225434832
2425,1555225433339,1555225434837
2426,1555225433440,1555225434838
2428,1555225433645,1555225434840
2427,1555225433542,1555225434856
2430,1555225433849,1555225434872
2429,1555225433747,1555225434873
2432,1555225434050,1555225434898
2434,1555225434253,1555225434899
2433,1555225434151,1555225434901
2435,1555225434355,1555225434914
2431,1555225433949,1555225434915
2436,1555225434457,1555225434932
2437,1555225434560,1555225435079
2438,1555225434661,1555225435257
2439,1555225434765,1555225435399
2440,1555225434867,1555225435433
2441,1555225434967,1555225435527
2442,1555225435068,1555225435553
2443,1555225435169,1555225435659
2444,1555225435271,1555225435783
2445,1555225435374,1555225435901
2446,1555225435475,1555225435984
2447,1555225435577,1555225436056
2448,1555225435678,1555225436179
2449,1555225435781,1555225436282
2450,1555225435881,1555225436380
2451,1555225435985,1555225436531
2452,1555225436087,1555225436604
2453,1555225436190,1555225436683
2454,1555225436291,1555225436786
2455,1555225436393,1555225436894
2456,1555225436497,1555225437021
2457,1555225436598,1555225437120
2458,1555225436700,1555225437199
2459,1555225436803,1555225437261
2460,1555225436904,1555225437378
2461,1555225437008,1555225437478
2462,1555225437110,1555225437605
2463,1555225437213,1555225437710
2464,1555225437316,1555225437795
2465,1555225437417,1555225437932
2466,1555225437519,1555225438012
2467,1555225437620,1555225438097
2468,1555225437722,1555225438231
2469,1555225437825,1555225438326
2470,1555225437927,1555225438417
2471,1555225438029,1555225438512
2472,1555225438132,1555225438612
2473,1555225438233,1555225438726
2474,1555225438334,1555225438810
2475,1555225438435,1555225438920
2476,1555225438537,1555225439008
2477,1555225438639,1555225439126
2478,1555225438740,1555225439238
2479,1555225438842,1555225439354
2480,1555225438945,1555225439469
2481,1555225439047,1555225439593
2482,1555225439150,1555225439617
2483,1555225439252,1555225439743
2484,1555225439357,1555225439862
2485,1555225439459,1555225439927
2486,1555225439560,1555225440039
2487,1555225439661,1555225440186
2488,1555225439762,1555225440250
2489,1555225439865,1555225440421
2490,1555225439969,1555225440441
2491,1555225440071,1555225440557
2492,1555225440174,1555225440673
2493,1555225440276,1555225440828
2494,1555225440378,1555225440873
2495,1555225440479,1555225440989
2496,1555225440580,1555225441079
2497,1555225440682,1555225441183
2498,1555225440787,1555225441299
2499,1555225440888,1555225441373
2500,1555225440991,1555225441463
2501,1555225441092,1555225441583
2502,1555225441196,1555225441688
2503,1555225441300,1555225441766
2504,1555225441402,1555225441908
2505,1555225441504,1555225442076
2506,1555225441605,1555225442079
2507,1555225441707,1555225442194
2508,1555225441810,1555225442308
2509,1555225441911,1555225442430
2510,1555225442073,1555225442554
2511,1555225442175,1555225442666
2512,1555225442275,1555225442753
2513,1555225442377,1555225442843
2514,1555225442480,1555225442977
2515,1555225442581,1555225443082
2516,1555225442682,1555225443196
2517,1555225442785,1555225443247
2518,1555225442887,1555225443369
2519,1555225442989,1555225443453
2520,1555225443092,1555225443574
2521,1555225443197,1555225443700
2522,1555225443300,1555225443743
2523,1555225443402,1555225443910
2524,1555225443504,1555225444020
2525,1555225443606,1555225444081
2526,1555225443709,1555225444200
2527,1555225443810,1555225444309
2528,1555225443911,1555225444376
2529,1555225444012,1555225444481
2530,1555225444113,1555225444652
2531,1555225444215,1555225444745
2532,1555225444316,1555225444876
2533,1555225444417,1555225444928
2534,1555225444520,1555225445075
2535,1555225444623,1555225445263
2536,1555225444725,1555225445442
2537,1555225444827,1555225445443
2539,1555225445033,1555225445557
2538,1555225444930,1555225445560
2540,1555225445135,1555225445756
2541,1555225445237,1555225445788
2542,1555225445338,1555225445963
2543,1555225445446,1555225446067
2544,1555225445548,1555225446482
2545,1555225445650,1555225448639
2548,1555225445957,1555225452552
2547,1555225445853,1555225452626
2546,1555225445751,1555225452627
2225,1555225412850,1555225452646
2549,1555225446058,1555225452698
2554,1555225446568,1555225452872
2557,1555225446876,1555225452929
2550,1555225446160,1555225452930
2556,1555225446773,1555225452930
2562,1555225447387,1555225452931
2551,1555225446262,1555225452932
2558,1555225446978,1555225452933
2570,1555225448206,1555225452933
2559,1555225447081,1555225452934
2565,1555225447694,1555225452935
2569,1555225448104,1555225452935
2561,1555225447285,1555225452936
2568,1555225448000,1555225452937
2564,1555225447592,1555225452937
2560,1555225447183,1555225452938
2563,1555225447490,1555225452939
2555,1555225446671,1555225452939
2567,1555225447898,1555225452940
2553,1555225446467,1555225452941
2552,1555225446364,1555225452943
2566,1555225447795,1555225452944
2573,1555225448512,1555225452945
2571,1555225448308,1555225452946
2572,1555225448411,1555225452962
2574,1555225448615,1555225452964
2575,1555225448717,1555225452984
2583,1555225449536,1555225453015
2576,1555225448819,1555225453016
2580,1555225449228,1555225453033
2577,1555225448921,1555225453036
2578,1555225449023,1555225453037
2581,1555225449331,1555225453039
2589,1555225450149,1555225453048
2590,1555225450252,1555225453050
2586,1555225449842,1555225453053
2582,1555225449433,1555225453054
2591,1555225450354,1555225453057
2587,1555225449944,1555225453060
2593,1555225450558,1555225453064
2612,1555225452497,1555225453066
2579,1555225449126,1555225453068
2592,1555225450456,1555225453069
2595,1555225450761,1555225453071
2588,1555225450046,1555225453100
2598,1555225451067,1555225453100
2594,1555225450660,1555225453101
2613,1555225452601,1555225453146
2596,1555225450862,1555225453146
2600,1555225451272,1555225453147
2597,1555225450965,1555225453148
2584,1555225449638,1555225453148
2585,1555225449741,1555225453152
2601,1555225451374,1555225453153
2606,1555225451887,1555225453156
2599,1555225451170,1555225453162
2603,1555225451580,1555225453204
2609,1555225452193,1555225453205
2608,1555225452090,1555225453206
2607,1555225451990,1555225453207
2602,1555225451477,1555225453211
2605,1555225451785,1555225453212
2604,1555225451682,1555225453213
2610,1555225452294,1555225453213
2611,1555225452396,1555225453214
2614,1555225452702,1555225453239
2615,1555225452811,1555225453322
2616,1555225452927,1555225453436
2617,1555225453028,1555225453543
2618,1555225453131,1555225453655
2619,1555225453231,1555225453786
2620,1555225453332,1555225453795
2621,1555225453434,1555225453908
2622,1555225453534,1555225454017
2623,1555225453637,1555225454125
2624,1555225453738,1555225454232
2625,1555225453839,1555225454391
2626,1555225453941,1555225454508
2627,1555225454042,1555225454607
2628,1555225454143,1555225454629
2629,1555225454246,1555225454767
2630,1555225454348,1555225454914
2631,1555225454451,1555225454964
2632,1555225454553,1555225455063
2633,1555225454654,1555225455153
2634,1555225454755,1555225455262
2635,1555225454857,1555225455374
2636,1555225454957,1555225455428
2637,1555225455060,1555225455522
2638,1555225455160,1555225455656
2639,1555225455263,1555225455768
2640,1555225455365,1555225455875
2641,1555225455466,1555225455999
2642,1555225455567,1555225456079
2643,1555225455671,1555225456178
2644,1555225455773,1555225456303
2645,1555225455876,1555225456333
2646,1555225455978,1555225456435
2647,1555225456080,1555225456536
2648,1555225456182,1555225456653
2649,1555225456285,1555225456745
2650,1555225456386,1555225456846
2651,1555225456488,1555225456964
2652,1555225456590,1555225457080
2653,1555225456692,1555225457188
2654,1555225456793,1555225457333
2655,1555225456895,1555225457453
2657,1555225457098,1555225457614
2656,1555225456997,1555225457667
2658,1555225457199,1555225457858
2660,1555225457403,1555225458182
2659,1555225457302,1555225458262
2661,1555225457505,1555225458392
2662,1555225457605,1555225458473
2664,1555225457808,1555225458506
2663,1555225457706,1555225458508
2666,1555225458011,1555225458746
2665,1555225457909,1555225458748
2667,1555225458115,1555225458785
2668,1555225458217,1555225458797
2669,1555225458319,1555225458892
2670,1555225458420,1555225458901
2671,1555225458522,1555225459009
2672,1555225458625,1555225459097
2673,1555225458726,1555225459194
2674,1555225458828,1555225459308
2675,1555225458930,1555225459398
2676,1555225459031,1555225459529
2677,1555225459133,1555225459613
2678,1555225459235,1555225459724
2679,1555225459337,1555225459930
2680,1555225459438,1555225460188
2681,1555225459540,1555225460299
2683,1555225459744,1555225460421
2682,1555225459643,1555225460426
2684,1555225459846,1555225460429
2685,1555225459947,1555225460546
2686,1555225460049,1555225460547
2687,1555225460152,1555225460593
2688,1555225460253,1555225460705
2689,1555225460355,1555225460816
2690,1555225460456,1555225460899
2691,1555225460559,1555225460998
2692,1555225460661,1555225461105
2693,1555225460763,1555225461208
2694,1555225460864,1555225461326
2695,1555225460966,1555225461436
2696,1555225461068,1555225461543
2697,1555225461170,1555225461646
2698,1555225461272,1555225461726
2699,1555225461374,1555225461824
2700,1555225461476,1555225461929
2701,1555225461578,1555225462017
2702,1555225461680,1555225462122
2703,1555225461782,1555225462214
2704,1555225461885,1555225462319
2705,1555225461987,1555225462429
2706,1555225462088,1555225462563
2707,1555225462189,1555225462652
2708,1555225462306,1555225462754
2709,1555225462407,1555225462861
2710,1555225462508,1555225462972
2711,1555225462611,1555225463081
2712,1555225462712,1555225463191
2713,1555225462813,1555225463305
2714,1555225462914,1555225463510
2715,1555225463016,1555225463629
2716,1555225463117,1555225463910
2717,1555225463220,1555225463920
2718,1555225463322,1555225464022
2719,1555225463425,1555225464027
2720,1555225463526,1555225464421
2722,1555225463732,1555225464447
2721,1555225463631,1555225464468
2723,1555225463834,1555225464877
2724,1555225463937,1555225465324
2726,1555225464143,1555225465527
2725,1555225464039,1555225465720
2727,1555225464246,1555225465956
2728,1555225464348,1555225466760
2729,1555225464449,1555225467789
2730,1555225464551,1555225468841
2731,1555225464654,1555225470149
2733,1555225464858,1555225470423
2732,1555225464756,1555225470543
2734,1555225464960,1555225470829
2735,1555225465062,1555225470830
2736,1555225465165,1555225471036
2739,1555225465472,1555225471041
2737,1555225465268,1555225471043
2738,1555225465369,1555225471045
2741,1555225465676,1555225471046
2740,1555225465573,1555225471046
2743,1555225465880,1555225471076
2742,1555225465778,1555225471077
2749,1555225466494,1555225471314
2750,1555225466597,1555225471316
2758,1555225467415,1555225471318
2753,1555225466905,1555225471319
2745,1555225466084,1555225471320
2752,1555225466801,1555225471391
2755,1555225467109,1555225471393
2747,1555225466290,1555225471394
2756,1555225467211,1555225471397
2754,1555225467006,1555225471399
2757,1555225467314,1555225471401
2759,1555225467518,1555225471405
2746,1555225466187,1555225471406
2744,1555225465982,1555225471407
2748,1555225466391,1555225471409
2751,1555225466699,1555225471411
2761,1555225467721,1555225471434
2760,1555225467619,1555225471437
2762,1555225467822,1555225471444
2764,1555225468025,1555225471445
2765,1555225468128,1555225471448
2763,1555225467924,1555225471449
2784,1555225470068,1555225471507
2775,1555225469149,1555225471508
2779,1555225469558,1555225471509
2773,1555225468943,1555225471509
2768,1555225468434,1555225471510
2769,1555225468536,1555225471658
2774,1555225469046,1555225471660
2778,1555225469455,1555225471662
2766,1555225468230,1555225471664
2767,1555225468332,1555225471665
2777,1555225469352,1555225471666
2785,1555225470169,1555225471670
2787,1555225470372,1555225471673
2776,1555225469250,1555225471675
2770,1555225468638,1555225471676
2772,1555225468842,1555225471766
2780,1555225469660,1555225471767
2786,1555225470270,1555225471769
2790,1555225470676,1555225471770
2783,1555225469967,1555225471771
2771,1555225468741,1555225471774
2788,1555225470473,1555225471775
2782,1555225469865,1555225471776
2789,1555225470575,1555225471779
2781,1555225469763,1555225471870
2793,1555225470981,1555225471923
2792,1555225470880,1555225471925
2791,1555225470778,1555225471926
2797,1555225471388,1555225472674
2794,1555225471082,1555225472679
2796,1555225471286,1555225472705
2798,1555225471489,1555225472872
2799,1555225471590,1555225472874
2800,1555225471692,1555225472876
2805,1555225472226,1555225473026
2801,1555225471793,1555225473027
2803,1555225472019,1555225473028
2804,1555225472122,1555225473121
2807,1555225472433,1555225473122
2806,1555225472330,1555225473123
2795,1555225471184,1555225473125
2802,1555225471917,1555225473126
2808,1555225472535,1555225473331
2809,1555225472637,1555225473333
2810,1555225472739,1555225473499
2811,1555225472842,1555225473616
2812,1555225472943,1555225473704
2813,1555225473045,1555225473828
2814,1555225473148,1555225473858
2815,1555225473250,1555225473994
2816,1555225473352,1555225473996
2818,1555225473555,1555225474133
2817,1555225473454,1555225474135
2819,1555225473657,1555225474269
2821,1555225473862,1555225474390
2820,1555225473759,1555225474420
2822,1555225473964,1555225474544
2823,1555225474066,1555225474616
2824,1555225474168,1555225474724
2825,1555225474271,1555225474779
2826,1555225474372,1555225474873
2827,1555225474473,1555225475009
2828,1555225474575,1555225475092
2829,1555225474678,1555225475219
2830,1555225474780,1555225475341
2831,1555225474882,1555225475411
2832,1555225474986,1555225475520
2833,1555225475087,1555225475617
2834,1555225475188,1555225475746
2835,1555225475289,1555225475990
2836,1555225475391,1555225475991
2837,1555225475493,1555225476121
2838,1555225475600,1555225476404
2840,1555225475806,1555225476521
2839,1555225475703,1555225476522
2841,1555225475906,1555225476644
2842,1555225476007,1555225476808
2843,1555225476108,1555225476988
2845,1555225476310,1555225476989
2844,1555225476208,1555225476991
2846,1555225476420,1555225477202
2847,1555225476526,1555225477454
2848,1555225476627,1555225477457
2849,1555225476729,1555225477459
2850,1555225476830,1555225477689
2853,1555225477136,1555225477964
2852,1555225477036,1555225478060
2851,1555225476933,1555225478060
2854,1555225477237,1555225478217
2855,1555225477340,1555225478555
2856,1555225477443,1555225478557
2858,1555225477648,1555225478804
2857,1555225477545,1555225478858
2861,1555225477954,1555225478981
2862,1555225478055,1555225478982
2859,1555225477749,1555225478995
2860,1555225477851,1555225478998
2865,1555225478361,1555225479287
2866,1555225478464,1555225479288
2863,1555225478157,1555225479290
2864,1555225478259,1555225479298
2867,1555225478568,1555225479304
2868,1555225478670,1555225479418
2869,1555225478772,1555225479442
2870,1555225478875,1555225479575
2871,1555225478977,1555225479594
2872,1555225479080,1555225479623
2873,1555225479182,1555225479714
2874,1555225479283,1555225479824
2875,1555225479386,1555225479865
2876,1555225479488,1555225480003
2877,1555225479598,1555225480148
2878,1555225479700,1555225480257
2879,1555225479802,1555225480345
2880,1555225479903,1555225480476
2881,1555225480005,1555225480592
2882,1555225480107,1555225480652
2883,1555225480208,1555225480727
2884,1555225480309,1555225480857
2885,1555225480410,1555225480899
2886,1555225480512,1555225481033
2887,1555225480613,1555225481111
2888,1555225480716,1555225481228
2889,1555225480817,1555225481437
2890,1555225480919,1555225481505
2891,1555225481022,1555225481719
2892,1555225481123,1555225481723
2893,1555225481224,1555225481915
2894,1555225481328,1555225482107
2895,1555225481430,1555225482108
2896,1555225481532,1555225482466
2897,1555225481633,1555225482524
2898,1555225481735,1555225483316
2899,1555225481837,1555225483569
2900,1555225481939,1555225487922
2902,1555225482205,1555225488995
2901,1555225482104,1555225489096
2904,1555225482410,1555225489231
2903,1555225482307,1555225489240
2905,1555225482512,1555225489350
2906,1555225482614,1555225489352
2908,1555225482817,1555225489408
2907,1555225482716,1555225489409
2909,1555225482918,1555225489411
2910,1555225483020,1555225489452
2911,1555225483121,1555225489454
2914,1555225483427,1555225489496
2916,1555225483631,1555225489518
2917,1555225483734,1555225489558
2915,1555225483529,1555225489559
2913,1555225483325,1555225489561
2918,1555225483837,1555225489562
2920,1555225484042,1555225489563
2919,1555225483939,1555225489564
2922,1555225484248,1555225489603
2912,1555225483223,1555225489606
2921,1555225484144,1555225489605
