lognumber,logtimestamp1,logtimestamp2
6,1555163686552,1555163698285
7,1555163686756,1555163698289
9,1555163687159,1555163698291
11,1555163687565,1555163698292
1,1555163685503,1555163698293
2,1555163685729,1555163698294
8,1555163686957,1555163698296
10,1555163687363,1555163698298
3,1555163685935,1555163698299
5,1555163686349,1555163698300
4,1555163686145,1555163698279
29,1555163691228,1555163708941
55,1555163696507,1555163708942
23,1555163690005,1555163708942
30,1555163691431,1555163708942
35,1555163692444,1555163708942
36,1555163692647,1555163708943
42,1555163693862,1555163708943
12,1555163687769,1555163708945
17,1555163688785,1555163708946
21,1555163689599,1555163708947
49,1555163695293,1555163708947
50,1555163695497,1555163708948
46,1555163694685,1555163708948
47,1555163694887,1555163708949
48,1555163695089,1555163708949
18,1555163688987,1555163708950
34,1555163692240,1555163708950
39,1555163693255,1555163708951
32,1555163691836,1555163708951
33,1555163692037,1555163708952
37,1555163692850,1555163708952
51,1555163695700,1555163708953
52,1555163695903,1555163708953
15,1555163688379,1555163708954
27,1555163690824,1555163708954
28,1555163691028,1555163708955
60,1555163697523,1555163708955
26,1555163690620,1555163708956
31,1555163691633,1555163708956
41,1555163693660,1555163708957
44,1555163694276,1555163708959
45,1555163694479,1555163708960
14,1555163688177,1555163708960
16,1555163688581,1555163708960
20,1555163689395,1555163708961
56,1555163696709,1555163708961
57,1555163696912,1555163708961
53,1555163696103,1555163708962
13,1555163687973,1555163708962
43,1555163694069,1555163708962
59,1555163697317,1555163708962
25,1555163690416,1555163708963
38,1555163693053,1555163708963
40,1555163693457,1555163708964
54,1555163696306,1555163708965
58,1555163697115,1555163708965
19,1555163689189,1555163708966
22,1555163689803,1555163708966
24,1555163690212,1555163708966
69,1555163699339,1555163718887
76,1555163700773,1555163718888
85,1555163702581,1555163718889
81,1555163701779,1555163718889
98,1555163705195,1555163718890
103,1555163706200,1555163718891
105,1555163706602,1555163718892
62,1555163697929,1555163718893
91,1555163703788,1555163718893
99,1555163705396,1555163718894
108,1555163707204,1555163718895
63,1555163698130,1555163718896
67,1555163698936,1555163718896
75,1555163700570,1555163718897
83,1555163702180,1555163718897
93,1555163704190,1555163718898
101,1555163705798,1555163718899
100,1555163705597,1555163718904
109,1555163707406,1555163718907
68,1555163699138,1555163718909
73,1555163700160,1555163718909
74,1555163700368,1555163718910
88,1555163703184,1555163718910
89,1555163703384,1555163718911
92,1555163703989,1555163718911
96,1555163704794,1555163718911
106,1555163706803,1555163718912
66,1555163698736,1555163718912
71,1555163699743,1555163718913
78,1555163701176,1555163718913
79,1555163701378,1555163718913
82,1555163701979,1555163718914
107,1555163707003,1555163718915
65,1555163698536,1555163718915
86,1555163702783,1555163718917
95,1555163704592,1555163718917
97,1555163704995,1555163718918
102,1555163705999,1555163718918
110,1555163707607,1555163718919
72,1555163699944,1555163718921
80,1555163701578,1555163718924
87,1555163702984,1555163718924
90,1555163703587,1555163718925
61,1555163697726,1555163718925
64,1555163698335,1555163718926
70,1555163699542,1555163718927
77,1555163700975,1555163718928
84,1555163702381,1555163718928
94,1555163704392,1555163718928
104,1555163706402,1555163718929
148,1555163715265,1555163728939
158,1555163717271,1555163728939
160,1555163717672,1555163728940
157,1555163717070,1555163728940
112,1555163708009,1555163728941
114,1555163708412,1555163728941
138,1555163713259,1555163728942
140,1555163713660,1555163728943
142,1555163714062,1555163728944
156,1555163716869,1555163728944
133,1555163712254,1555163728944
139,1555163713460,1555163728945
144,1555163714463,1555163728946
145,1555163714663,1555163728946
154,1555163716469,1555163728947
121,1555163709817,1555163728947
131,1555163711852,1555163728947
141,1555163713861,1555163728948
153,1555163716268,1555163728948
159,1555163717471,1555163728948
147,1555163715063,1555163728949
115,1555163708612,1555163728950
122,1555163710022,1555163728951
126,1555163710845,1555163728951
127,1555163711046,1555163728952
123,1555163710235,1555163728952
150,1555163715666,1555163728952
152,1555163716068,1555163728953
155,1555163716669,1555163728955
111,1555163707808,1555163728955
125,1555163710644,1555163728955
124,1555163710436,1555163728955
136,1555163712856,1555163728956
149,1555163715465,1555163728956
137,1555163713058,1555163728956
113,1555163708210,1555163728957
116,1555163708812,1555163728958
119,1555163709416,1555163728958
129,1555163711448,1555163728958
135,1555163712656,1555163728958
132,1555163712053,1555163728959
134,1555163712456,1555163728959
143,1555163714262,1555163728960
117,1555163709013,1555163728960
118,1555163709214,1555163728961
120,1555163709616,1555163728961
128,1555163711247,1555163728962
130,1555163711651,1555163728962
146,1555163714863,1555163728963
151,1555163715867,1555163728963
209,1555163727518,1555163738651
188,1555163723299,1555163738653
180,1555163721694,1555163738652
195,1555163724705,1555163738655
168,1555163719280,1555163738656
183,1555163722297,1555163738657
186,1555163722898,1555163738657
189,1555163723500,1555163738658
193,1555163724304,1555163738659
174,1555163720486,1555163738659
178,1555163721292,1555163738660
192,1555163724104,1555163738661
162,1555163718073,1555163738662
171,1555163719883,1555163738662
170,1555163719682,1555163738664
172,1555163720084,1555163738669
181,1555163721895,1555163738670
185,1555163722698,1555163738671
197,1555163725106,1555163738674
200,1555163725709,1555163738674
163,1555163718275,1555163738675
165,1555163718676,1555163738675
202,1555163726112,1555163738676
206,1555163726916,1555163738677
179,1555163721493,1555163738677
182,1555163722097,1555163738678
184,1555163722498,1555163738678
191,1555163723902,1555163738679
194,1555163724505,1555163738679
198,1555163725307,1555163738680
166,1555163718876,1555163738680
176,1555163720891,1555163738681
205,1555163726715,1555163738681
207,1555163727117,1555163738683
169,1555163719481,1555163738684
173,1555163720286,1555163738684
175,1555163720689,1555163738687
187,1555163723098,1555163738689
204,1555163726514,1555163738690
161,1555163717872,1555163738690
164,1555163718475,1555163738691
190,1555163723701,1555163738691
196,1555163724906,1555163738692
199,1555163725508,1555163738692
201,1555163725911,1555163738693
203,1555163726313,1555163738693
167,1555163719078,1555163738694
177,1555163721091,1555163738694
240,1555163733754,1555163748619
256,1555163736968,1555163748619
211,1555163727921,1555163748628
219,1555163729529,1555163748629
214,1555163728523,1555163748629
215,1555163728723,1555163748631
218,1555163729328,1555163748632
234,1555163732550,1555163748632
244,1555163734556,1555163748633
249,1555163735562,1555163748634
212,1555163728122,1555163748635
208,1555163727317,1555163748636
258,1555163737369,1555163748636
238,1555163733353,1555163748637
243,1555163734356,1555163748639
247,1555163735160,1555163748639
254,1555163736566,1555163748640
248,1555163735360,1555163748642
225,1555163730744,1555163748643
232,1555163732150,1555163748645
236,1555163732952,1555163748646
237,1555163733152,1555163748647
253,1555163736366,1555163748648
259,1555163737570,1555163748648
221,1555163729931,1555163748649
226,1555163730945,1555163748649
246,1555163734960,1555163748650
252,1555163736164,1555163748650
223,1555163730336,1555163748651
227,1555163731146,1555163748653
235,1555163732751,1555163748654
239,1555163733554,1555163748655
241,1555163733955,1555163748656
242,1555163734156,1555163748657
245,1555163734758,1555163748658
224,1555163730543,1555163748659
231,1555163731949,1555163748659
222,1555163730132,1555163748660
229,1555163731548,1555163748660
230,1555163731749,1555163748661
233,1555163732350,1555163748661
251,1555163735964,1555163748662
255,1555163736766,1555163748662
213,1555163728323,1555163748664
217,1555163729127,1555163748664
257,1555163737168,1555163748665
220,1555163729731,1555163748665
228,1555163731348,1555163748665
250,1555163735762,1555163748666
210,1555163727720,1555163748666
216,1555163728924,1555163748667
294,1555163744606,1555163759163
296,1555163745008,1555163759163
309,1555163747621,1555163759164
260,1555163737771,1555163759179
261,1555163737972,1555163759180
269,1555163739580,1555163759181
270,1555163739782,1555163759196
292,1555163744201,1555163759197
298,1555163745410,1555163759197
299,1555163745611,1555163759198
273,1555163740385,1555163759198
280,1555163741791,1555163759199
287,1555163743197,1555163759202
290,1555163743800,1555163759204
293,1555163744404,1555163759205
278,1555163741389,1555163759206
279,1555163741590,1555163759211
291,1555163744001,1555163759212
295,1555163744806,1555163759213
304,1555163746617,1555163759213
274,1555163740587,1555163759214
275,1555163740788,1555163759216
300,1555163745813,1555163759221
307,1555163747220,1555163759221
265,1555163738778,1555163759221
285,1555163742795,1555163759222
286,1555163742997,1555163759223
289,1555163743599,1555163759223
297,1555163745209,1555163759224
305,1555163746818,1555163759224
267,1555163739179,1555163759224
268,1555163739380,1555163759225
277,1555163741189,1555163759225
281,1555163741993,1555163759226
301,1555163746014,1555163759226
284,1555163742594,1555163759227
288,1555163743397,1555163759228
302,1555163746215,1555163759228
263,1555163738375,1555163759235
266,1555163738978,1555163759236
272,1555163740185,1555163759236
276,1555163740989,1555163759237
283,1555163742394,1555163759241
306,1555163747019,1555163759242
308,1555163747420,1555163759243
262,1555163738173,1555163759244
264,1555163738576,1555163759247
271,1555163739983,1555163759247
282,1555163742193,1555163759248
303,1555163746416,1555163759248
349,1555163755713,1555163768772
351,1555163756113,1555163768773
312,1555163748222,1555163768774
316,1555163749068,1555163768774
328,1555163751493,1555163768775
332,1555163752297,1555163768775
341,1555163754102,1555163768775
358,1555163757526,1555163768776
315,1555163748867,1555163768776
325,1555163750889,1555163768777
327,1555163751291,1555163768781
343,1555163754504,1555163768782
345,1555163754910,1555163768783
350,1555163755913,1555163768784
352,1555163756314,1555163768784
311,1555163748022,1555163768785
321,1555163750075,1555163768787
330,1555163751894,1555163768787
334,1555163752698,1555163768788
340,1555163753902,1555163768788
323,1555163750486,1555163768788
335,1555163752900,1555163768789
339,1555163753702,1555163768789
356,1555163757122,1555163768790
353,1555163756516,1555163768790
319,1555163749674,1555163768791
326,1555163751090,1555163768791
329,1555163751693,1555163768792
333,1555163752498,1555163768793
348,1555163755512,1555163768795
357,1555163757325,1555163768797
313,1555163748422,1555163768798
324,1555163750689,1555163768798
331,1555163752095,1555163768799
336,1555163753100,1555163768799
342,1555163754303,1555163768800
338,1555163753501,1555163768801
310,1555163747822,1555163768802
314,1555163748667,1555163768805
320,1555163749874,1555163768805
322,1555163750277,1555163768806
337,1555163753300,1555163768806
354,1555163756718,1555163768807
355,1555163756921,1555163768807
317,1555163749270,1555163768807
318,1555163749472,1555163768808
344,1555163754705,1555163768809
346,1555163755111,1555163768809
347,1555163755312,1555163768810
398,1555163765620,1555163778784
359,1555163757729,1555163778787
369,1555163759762,1555163778794
365,1555163758953,1555163778789
376,1555163761180,1555163778797
383,1555163762592,1555163778798
384,1555163762794,1555163778800
395,1555163765016,1555163778801
400,1555163766024,1555163778803
402,1555163766425,1555163778806
406,1555163767227,1555163778809
407,1555163767429,1555163778810
408,1555163767630,1555163778812
371,1555163760167,1555163778814
377,1555163761381,1555163778816
382,1555163762390,1555163778818
392,1555163764413,1555163778819
401,1555163766225,1555163778821
404,1555163766827,1555163778822
405,1555163767027,1555163778823
361,1555163758139,1555163778824
366,1555163759156,1555163778825
368,1555163759559,1555163778825
370,1555163759965,1555163778826
374,1555163760774,1555163778827
394,1555163764815,1555163778827
363,1555163758544,1555163778828
373,1555163760572,1555163778828
375,1555163760978,1555163778829
380,1555163761986,1555163778829
385,1555163762996,1555163778830
391,1555163764212,1555163778830
378,1555163761582,1555163778831
389,1555163763808,1555163778832
393,1555163764614,1555163778832
396,1555163765216,1555163778833
399,1555163765822,1555163778833
364,1555163758750,1555163778834
379,1555163761783,1555163778834
387,1555163763399,1555163778834
388,1555163763603,1555163778835
367,1555163759357,1555163778835
381,1555163762186,1555163778836
386,1555163763198,1555163778836
390,1555163764012,1555163778837
397,1555163765418,1555163778837
403,1555163766626,1555163778837
360,1555163757932,1555163778838
362,1555163758342,1555163778839
372,1555163760368,1555163778839
442,1555163774522,1555163789885
456,1555163777350,1555163789889
431,1555163772295,1555163789891
433,1555163772698,1555163789904
436,1555163773310,1555163789907
432,1555163772496,1555163789915
443,1555163774722,1555163789929
449,1555163775932,1555163789930
451,1555163776334,1555163789930
457,1555163777555,1555163789931
417,1555163769449,1555163789933
423,1555163770666,1555163789936
426,1555163771276,1555163789937
434,1555163772900,1555163789938
438,1555163773717,1555163789939
450,1555163776133,1555163789940
452,1555163776535,1555163789941
415,1555163769047,1555163789942
418,1555163769652,1555163789943
422,1555163770462,1555163789943
414,1555163768846,1555163789944
444,1555163774926,1555163789945
448,1555163775730,1555163789945
428,1555163771682,1555163789945
435,1555163773108,1555163789946
441,1555163774319,1555163789946
447,1555163775530,1555163789946
453,1555163776736,1555163789947
411,1555163768236,1555163789947
416,1555163769249,1555163789947
425,1555163771073,1555163789948
454,1555163776944,1555163789948
412,1555163768439,1555163789948
427,1555163771479,1555163789949
440,1555163774119,1555163789949
430,1555163772090,1555163789951
446,1555163775328,1555163789952
420,1555163770056,1555163789953
419,1555163769854,1555163789954
424,1555163770870,1555163789955
421,1555163770260,1555163789955
429,1555163771887,1555163789956
437,1555163773514,1555163789956
439,1555163773919,1555163789956
445,1555163775126,1555163789957
409,1555163767831,1555163789957
410,1555163768033,1555163789957
413,1555163768645,1555163789958
455,1555163777146,1555163789958
465,1555163779174,1555163801156
475,1555163781197,1555163801157
477,1555163781602,1555163801157
486,1555163783420,1555163801157
459,1555163777957,1555163801158
470,1555163780187,1555163801158
495,1555163785238,1555163801160
503,1555163786875,1555163801162
499,1555163786054,1555163801163
462,1555163778564,1555163801165
466,1555163779376,1555163801166
476,1555163781399,1555163801167
482,1555163782612,1555163801168
484,1555163783016,1555163801168
494,1555163785037,1555163801169
498,1555163785852,1555163801170
500,1555163786255,1555163801170
473,1555163780794,1555163801170
479,1555163782005,1555163801171
490,1555163784228,1555163801174
491,1555163784432,1555163801174
502,1555163786673,1555163801175
469,1555163779986,1555163801175
472,1555163780592,1555163801175
471,1555163780389,1555163801176
487,1555163783623,1555163801176
497,1555163785644,1555163801177
463,1555163778767,1555163801177
468,1555163779783,1555163801178
481,1555163782409,1555163801179
496,1555163785442,1555163801181
501,1555163786459,1555163801183
489,1555163784028,1555163801183
460,1555163778160,1555163801184
464,1555163778972,1555163801186
474,1555163780996,1555163801187
478,1555163781804,1555163801188
480,1555163782207,1555163801188
483,1555163782814,1555163801189
488,1555163783826,1555163801189
492,1555163784634,1555163801189
493,1555163784835,1555163801190
505,1555163787278,1555163801190
504,1555163787076,1555163801190
506,1555163787481,1555163801190
458,1555163777755,1555163801191
461,1555163778362,1555163801191
467,1555163779581,1555163801191
485,1555163783219,1555163801192
542,1555163794817,1555163808808
519,1555163790162,1555163808809
524,1555163791169,1555163808810
536,1555163793599,1555163808812
540,1555163794409,1555163808813
532,1555163792791,1555163808814
512,1555163788693,1555163808815
515,1555163789304,1555163808816
520,1555163790362,1555163808817
529,1555163792179,1555163808819
544,1555163795222,1555163808823
549,1555163796232,1555163808825
547,1555163795828,1555163808826
516,1555163789508,1555163808827
522,1555163790765,1555163808828
530,1555163792380,1555163808830
534,1555163793194,1555163808831
523,1555163790968,1555163808832
546,1555163795626,1555163808833
528,1555163791975,1555163808834
538,1555163794003,1555163808835
539,1555163794206,1555163808836
526,1555163791574,1555163808837
535,1555163793397,1555163808838
537,1555163793801,1555163808840
543,1555163795020,1555163808841
513,1555163788898,1555163808842
517,1555163789711,1555163808843
518,1555163789958,1555163808844
521,1555163790564,1555163808846
550,1555163796434,1555163808847
527,1555163791775,1555163808847
533,1555163792992,1555163808848
531,1555163792589,1555163808849
545,1555163795423,1555163808849
508,1555163787884,1555163808850
511,1555163788491,1555163808851
509,1555163788086,1555163808852
510,1555163788289,1555163808853
548,1555163796030,1555163808854
551,1555163796636,1555163808855
507,1555163787683,1555163808857
514,1555163789103,1555163808858
525,1555163791373,1555163808858
541,1555163794614,1555163808859
596,1555163805716,1555163818474
571,1555163800667,1555163818479
601,1555163806724,1555163818482
562,1555163798853,1555163818484
590,1555163804502,1555163818486
591,1555163804704,1555163818491
595,1555163805513,1555163818493
581,1555163802687,1555163818496
602,1555163806926,1555163818499
553,1555163797041,1555163818501
559,1555163798248,1555163818503
555,1555163797442,1555163818505
567,1555163799861,1555163818508
579,1555163802281,1555163818510
580,1555163802484,1555163818513
552,1555163796839,1555163818515
578,1555163802078,1555163818517
588,1555163804099,1555163818519
561,1555163798651,1555163818526
585,1555163803492,1555163818527
600,1555163806522,1555163818529
565,1555163799457,1555163818530
574,1555163801270,1555163818531
577,1555163801876,1555163818532
583,1555163803090,1555163818534
557,1555163797844,1555163818535
558,1555163798045,1555163818536
575,1555163801475,1555163818537
593,1555163805109,1555163818539
605,1555163807535,1555163818541
589,1555163804301,1555163818542
597,1555163805917,1555163818544
556,1555163797644,1555163818545
569,1555163800264,1555163818545
573,1555163801069,1555163818547
572,1555163800868,1555163818548
599,1555163806320,1555163818551
563,1555163799054,1555163818552
594,1555163805311,1555163818554
604,1555163807333,1555163818555
554,1555163797242,1555163818563
576,1555163801675,1555163818564
582,1555163802888,1555163818565
584,1555163803290,1555163818568
560,1555163798449,1555163818568
564,1555163799257,1555163818569
566,1555163799658,1555163818569
603,1555163807127,1555163818569
568,1555163800061,1555163818570
586,1555163803694,1555163818573
592,1555163804906,1555163818574
598,1555163806118,1555163818575
570,1555163800465,1555163818577
587,1555163803897,1555163818578
651,1555163816855,1555163828406
653,1555163817260,1555163828408
606,1555163807736,1555163828408
612,1555163808956,1555163828409
626,1555163811804,1555163828409
624,1555163811403,1555163828410
633,1555163813215,1555163828410
608,1555163808140,1555163828411
613,1555163809159,1555163828412
614,1555163809363,1555163828414
649,1555163816452,1555163828415
650,1555163816653,1555163828416
627,1555163812006,1555163828418
646,1555163815840,1555163828419
644,1555163815436,1555163828421
620,1555163810587,1555163828423
631,1555163812813,1555163828424
652,1555163817057,1555163828424
654,1555163817462,1555163828425
607,1555163807939,1555163828425
611,1555163808754,1555163828426
619,1555163810384,1555163828427
629,1555163812412,1555163828428
630,1555163812612,1555163828428
636,1555163813820,1555163828429
638,1555163814225,1555163828429
641,1555163814830,1555163828430
609,1555163808342,1555163828430
617,1555163809979,1555163828431
622,1555163810997,1555163828432
640,1555163814629,1555163828436
643,1555163815234,1555163828437
647,1555163816048,1555163828438
648,1555163816250,1555163828438
610,1555163808546,1555163828439
616,1555163809777,1555163828439
618,1555163810180,1555163828440
632,1555163813014,1555163828440
637,1555163814022,1555163828441
639,1555163814428,1555163828441
642,1555163815032,1555163828441
615,1555163809570,1555163828442
623,1555163811200,1555163828442
625,1555163811604,1555163828445
635,1555163813618,1555163828446
645,1555163815638,1555163828449
621,1555163810793,1555163828450
628,1555163812209,1555163828450
634,1555163813418,1555163828451
672,1555163821213,1555163838458
673,1555163821417,1555163838462
675,1555163821822,1555163838463
684,1555163823645,1555163838464
685,1555163823849,1555163838465
693,1555163825473,1555163838467
661,1555163818982,1555163838468
670,1555163820809,1555163838469
699,1555163826684,1555163838470
703,1555163827496,1555163838471
668,1555163820403,1555163838472
669,1555163820607,1555163838474
674,1555163821619,1555163838475
681,1555163823040,1555163838476
692,1555163825271,1555163838477
696,1555163826078,1555163838480
662,1555163819185,1555163838481
667,1555163820195,1555163838481
698,1555163826482,1555163838482
676,1555163822027,1555163838482
680,1555163822838,1555163838482
687,1555163824260,1555163838483
697,1555163826281,1555163838483
658,1555163818278,1555163838484
671,1555163821011,1555163838484
691,1555163825069,1555163838485
702,1555163827293,1555163838485
686,1555163824058,1555163838485
689,1555163824664,1555163838486
683,1555163823443,1555163838486
701,1555163827090,1555163838486
657,1555163818077,1555163838487
678,1555163822431,1555163838487
688,1555163824461,1555163838487
694,1555163825673,1555163838488
700,1555163826888,1555163838488
659,1555163818579,1555163838488
664,1555163819588,1555163838489
660,1555163818781,1555163838489
665,1555163819791,1555163838489
666,1555163819994,1555163838489
679,1555163822636,1555163838490
690,1555163824867,1555163838490
655,1555163817666,1555163838490
656,1555163817874,1555163838490
682,1555163823243,1555163838491
695,1555163825875,1555163838491
663,1555163819385,1555163838492
677,1555163822227,1555163838492
718,1555163830568,1555163848504
728,1555163832595,1555163848506
745,1555163836030,1555163848510
749,1555163836836,1555163848511
752,1555163837443,1555163848513
720,1555163830972,1555163848515
715,1555163829939,1555163848514
725,1555163831989,1555163848516
729,1555163832798,1555163848517
738,1555163834617,1555163848518
744,1555163835827,1555163848519
739,1555163834817,1555163848520
740,1555163835017,1555163848522
741,1555163835220,1555163848523
709,1555163828720,1555163848525
710,1555163828922,1555163848529
712,1555163829324,1555163848532
722,1555163831376,1555163848533
721,1555163831173,1555163848534
726,1555163832190,1555163848534
730,1555163833000,1555163848535
731,1555163833200,1555163848536
732,1555163833403,1555163848537
733,1555163833606,1555163848538
704,1555163827703,1555163848538
707,1555163828317,1555163848539
708,1555163828519,1555163848539
711,1555163829123,1555163848540
713,1555163829529,1555163848540
714,1555163829733,1555163848540
737,1555163834415,1555163848541
746,1555163836231,1555163848541
748,1555163836635,1555163848542
742,1555163835423,1555163848542
750,1555163837038,1555163848542
705,1555163827905,1555163848543
706,1555163828109,1555163848543
717,1555163830364,1555163848543
723,1555163831576,1555163848543
727,1555163832393,1555163848544
736,1555163834214,1555163848544
751,1555163837242,1555163848544
747,1555163836433,1555163848544
716,1555163830155,1555163848544
719,1555163830769,1555163848545
724,1555163831786,1555163848545
734,1555163833809,1555163848546
735,1555163834012,1555163848546
743,1555163835623,1555163848546
785,1555163844104,1555163858562
770,1555163841073,1555163858560
787,1555163844508,1555163858563
766,1555163840266,1555163858564
779,1555163842889,1555163858565
783,1555163843699,1555163858566
801,1555163847343,1555163858569
784,1555163843901,1555163858567
768,1555163840672,1555163858570
781,1555163843293,1555163858571
789,1555163844911,1555163858572
796,1555163846326,1555163858573
792,1555163845515,1555163858574
798,1555163846730,1555163858575
794,1555163845922,1555163858579
763,1555163839662,1555163858580
771,1555163841274,1555163858581
776,1555163842284,1555163858582
778,1555163842687,1555163858583
782,1555163843495,1555163858585
788,1555163844710,1555163858586
791,1555163845313,1555163858587
797,1555163846528,1555163858588
759,1555163838853,1555163858588
754,1555163837846,1555163858591
767,1555163840471,1555163858592
769,1555163840873,1555163858593
775,1555163842083,1555163858595
753,1555163837644,1555163858595
762,1555163839461,1555163858596
764,1555163839864,1555163858596
765,1555163840065,1555163858597
773,1555163841679,1555163858597
774,1555163841882,1555163858598
777,1555163842486,1555163858599
786,1555163844307,1555163858599
758,1555163838653,1555163858599
793,1555163845716,1555163858600
790,1555163845112,1555163858600
756,1555163838249,1555163858600
757,1555163838451,1555163858600
802,1555163847546,1555163858601
755,1555163838047,1555163858602
761,1555163839259,1555163858602
772,1555163841477,1555163858602
780,1555163843091,1555163858602
795,1555163846124,1555163858603
799,1555163846937,1555163858603
800,1555163847140,1555163858603
760,1555163839057,1555163858604
816,1555163850374,1555163868549
818,1555163850784,1555163868550
817,1555163850582,1555163868550
826,1555163852407,1555163868551
833,1555163853825,1555163868552
848,1555163856850,1555163868552
850,1555163857253,1555163868553
815,1555163850171,1555163868553
820,1555163851187,1555163868554
842,1555163855641,1555163868555
814,1555163849970,1555163868556
806,1555163848354,1555163868556
808,1555163848755,1555163868557
803,1555163847749,1555163868561
811,1555163849362,1555163868562
819,1555163850986,1555163868563
827,1555163852610,1555163868564
828,1555163852813,1555163868565
835,1555163854229,1555163868566
849,1555163857053,1555163868571
807,1555163848555,1555163868573
809,1555163848957,1555163868574
812,1555163849562,1555163868575
822,1555163851592,1555163868576
825,1555163852204,1555163868577
831,1555163853419,1555163868577
836,1555163854431,1555163868579
837,1555163854632,1555163868580
805,1555163848151,1555163868580
838,1555163854833,1555163868581
834,1555163854028,1555163868581
841,1555163855439,1555163868582
844,1555163856043,1555163868582
824,1555163852004,1555163868583
810,1555163849160,1555163868583
830,1555163853217,1555163868583
840,1555163855236,1555163868584
845,1555163856245,1555163868584
846,1555163856446,1555163868584
847,1555163856648,1555163868585
843,1555163855843,1555163868585
804,1555163847950,1555163868586
821,1555163851388,1555163868586
823,1555163851795,1555163868587
829,1555163853015,1555163868587
832,1555163853622,1555163868588
839,1555163855034,1555163868588
851,1555163857455,1555163868588
813,1555163849765,1555163868588
858,1555163858865,1555163878530
866,1555163860484,1555163878531
860,1555163859274,1555163878531
867,1555163860685,1555163878531
881,1555163863519,1555163878531
870,1555163861296,1555163878531
882,1555163863720,1555163878532
855,1555163858263,1555163878532
893,1555163865946,1555163878532
896,1555163866555,1555163878532
876,1555163862507,1555163878532
861,1555163859474,1555163878533
865,1555163860282,1555163878536
871,1555163861498,1555163878537
877,1555163862711,1555163878538
887,1555163864730,1555163878539
888,1555163864935,1555163878540
856,1555163858464,1555163878540
863,1555163859877,1555163878540
868,1555163860887,1555163878540
869,1555163861094,1555163878541
875,1555163862305,1555163878541
879,1555163863115,1555163878541
854,1555163858061,1555163878542
862,1555163859675,1555163878543
880,1555163863317,1555163878543
886,1555163864530,1555163878543
889,1555163865138,1555163878543
897,1555163866758,1555163878543
899,1555163867161,1555163878544
859,1555163859069,1555163878544
864,1555163860080,1555163878544
873,1555163861901,1555163878545
874,1555163862103,1555163878545
883,1555163863921,1555163878545
884,1555163864126,1555163878545
885,1555163864327,1555163878546
890,1555163865340,1555163878546
853,1555163857859,1555163878546
901,1555163867564,1555163878546
900,1555163867362,1555163878546
857,1555163858664,1555163878546
872,1555163861699,1555163878547
891,1555163865542,1555163878547
892,1555163865744,1555163878547
895,1555163866353,1555163878547
898,1555163866960,1555163878547
852,1555163857658,1555163878548
894,1555163866148,1555163878548
878,1555163862913,1555163878548
926,1555163872631,1555163888590
933,1555163874052,1555163888590
909,1555163869191,1555163888591
916,1555163870612,1555163888591
925,1555163872430,1555163888591
918,1555163871016,1555163888592
922,1555163871824,1555163888592
930,1555163873443,1555163888592
932,1555163873849,1555163888592
938,1555163875063,1555163888593
908,1555163868990,1555163888593
911,1555163869598,1555163888594
917,1555163870815,1555163888594
941,1555163875669,1555163888594
943,1555163876073,1555163888594
945,1555163876476,1555163888594
919,1555163871217,1555163888595
920,1555163871419,1555163888595
923,1555163872025,1555163888595
924,1555163872225,1555163888595
928,1555163873036,1555163888595
905,1555163868375,1555163888596
907,1555163868789,1555163888596
915,1555163870409,1555163888597
942,1555163875871,1555163888597
948,1555163877082,1555163888597
949,1555163877284,1555163888597
914,1555163870208,1555163888597
929,1555163873240,1555163888598
935,1555163874456,1555163888598
944,1555163876275,1555163888598
902,1555163867768,1555163888598
904,1555163868172,1555163888598
906,1555163868589,1555163888598
913,1555163870005,1555163888599
931,1555163873646,1555163888599
946,1555163876679,1555163888599
950,1555163877486,1555163888599
921,1555163871622,1555163888600
939,1555163875264,1555163888600
940,1555163875466,1555163888600
936,1555163874657,1555163888601
912,1555163869803,1555163888601
927,1555163872835,1555163888601
934,1555163874252,1555163888601
903,1555163867970,1555163888601
910,1555163869392,1555163888602
937,1555163874861,1555163888602
976,1555163882750,1555163899561
979,1555163883357,1555163899563
981,1555163883760,1555163899564
983,1555163884163,1555163899566
998,1555163887189,1555163899566
967,1555163880927,1555163899567
953,1555163878095,1555163899567
955,1555163878498,1555163899568
956,1555163878703,1555163899568
962,1555163879915,1555163899569
968,1555163881128,1555163899569
980,1555163883557,1555163899569
951,1555163877689,1555163899570
959,1555163879310,1555163899572
963,1555163880117,1555163899572
966,1555163880725,1555163899573
989,1555163885372,1555163899573
994,1555163886383,1555163899574
957,1555163878904,1555163899574
961,1555163879714,1555163899575
972,1555163881940,1555163899575
975,1555163882548,1555163899576
952,1555163877892,1555163899576
947,1555163876881,1555163899577
954,1555163878296,1555163899579
958,1555163879109,1555163899580
978,1555163883155,1555163899582
988,1555163885169,1555163899583
965,1555163880523,1555163899584
969,1555163881331,1555163899585
974,1555163882347,1555163899585
986,1555163884767,1555163899586
993,1555163886180,1555163899586
991,1555163885774,1555163899587
995,1555163886585,1555163899587
996,1555163886787,1555163899588
964,1555163880320,1555163899588
973,1555163882142,1555163899588
982,1555163883961,1555163899589
984,1555163884365,1555163899589
985,1555163884566,1555163899590
987,1555163884968,1555163899590
997,1555163886989,1555163899590
999,1555163887391,1555163899592
1000,1555163887591,1555163899592
960,1555163879511,1555163899593
970,1555163881535,1555163899595
971,1555163881736,1555163899595
977,1555163882952,1555163899595
990,1555163885573,1555163899596
992,1555163885977,1555163899596
1002,1555163887996,1555163908535
1043,1555163896276,1555163908532
1007,1555163889004,1555163908537
1031,1555163893856,1555163908539
1033,1555163894261,1555163908541
1034,1555163894464,1555163908542
1032,1555163894059,1555163908548
1041,1555163895874,1555163908550
1044,1555163896477,1555163908551
1001,1555163887793,1555163908552
1006,1555163888802,1555163908553
1012,1555163890016,1555163908554
1016,1555163890831,1555163908555
1018,1555163891234,1555163908556
1045,1555163896678,1555163908557
1036,1555163894869,1555163908557
1048,1555163897282,1555163908558
1049,1555163897483,1555163908559
1015,1555163890627,1555163908560
1020,1555163891636,1555163908561
1026,1555163892846,1555163908563
1040,1555163895674,1555163908563
1042,1555163896074,1555163908564
1004,1555163888402,1555163908564
1013,1555163890220,1555163908565
1017,1555163891033,1555163908565
1022,1555163892042,1555163908566
1029,1555163893451,1555163908566
1030,1555163893652,1555163908567
1035,1555163894666,1555163908567
1047,1555163897080,1555163908567
1003,1555163888199,1555163908568
1005,1555163888602,1555163908568
1008,1555163889206,1555163908569
1021,1555163891840,1555163908569
1024,1555163892445,1555163908570
1011,1555163889815,1555163908571
1014,1555163890423,1555163908571
1025,1555163892645,1555163908571
1037,1555163895072,1555163908572
1038,1555163895273,1555163908572
1028,1555163893249,1555163908572
1039,1555163895474,1555163908573
1046,1555163896879,1555163908573
1009,1555163889411,1555163908573
1010,1555163889613,1555163908573
1019,1555163891435,1555163908574
1023,1555163892242,1555163908574
1027,1555163893049,1555163908574
1056,1555163898896,1555163918579
1061,1555163899903,1555163918580
1091,1555163905955,1555163918582
1052,1555163898089,1555163918586
1078,1555163903337,1555163918581
1060,1555163899701,1555163918587
1069,1555163901517,1555163918588
1074,1555163902529,1555163918590
1081,1555163903944,1555163918591
1086,1555163904948,1555163918592
1090,1555163905754,1555163918593
1058,1555163899299,1555163918594
1057,1555163899098,1555163918594
1065,1555163900709,1555163918595
1067,1555163901114,1555163918597
1079,1555163903540,1555163918597
1082,1555163904144,1555163918598
1087,1555163905149,1555163918599
1092,1555163906158,1555163918604
1054,1555163898492,1555163918605
1064,1555163900509,1555163918606
1073,1555163902327,1555163918607
1072,1555163902123,1555163918608
1084,1555163904546,1555163918610
1094,1555163906561,1555163918611
1095,1555163906762,1555163918614
1098,1555163907365,1555163918618
1053,1555163898290,1555163918619
1066,1555163900912,1555163918621
1080,1555163903742,1555163918623
1088,1555163905351,1555163918624
1083,1555163904345,1555163918625
1050,1555163897686,1555163918627
1062,1555163900105,1555163918628
1068,1555163901315,1555163918629
1076,1555163902933,1555163918631
1097,1555163907164,1555163918632
1055,1555163898693,1555163918633
1063,1555163900306,1555163918635
1070,1555163901719,1555163918636
1075,1555163902732,1555163918637
1096,1555163906963,1555163918637
1093,1555163906360,1555163918638
1051,1555163897887,1555163918639
1059,1555163899500,1555163918640
1071,1555163901921,1555163918641
1077,1555163903136,1555163918642
1085,1555163904747,1555163918643
1089,1555163905552,1555163918644
1099,1555163907566,1555163918646
1120,1555163911804,1555163928677
1126,1555163913015,1555163928679
1130,1555163913821,1555163928681
1101,1555163907969,1555163928682
1102,1555163908172,1555163928684
1103,1555163908375,1555163928685
1109,1555163909584,1555163928686
1113,1555163910391,1555163928687
1146,1555163917048,1555163928688
1147,1555163917248,1555163928688
1111,1555163909988,1555163928689
1119,1555163911600,1555163928691
1128,1555163913419,1555163928692
1133,1555163914425,1555163928693
1144,1555163916646,1555163928693
1107,1555163909181,1555163928694
1117,1555163911195,1555163928695
1124,1555163912612,1555163928695
1135,1555163914826,1555163928696
1140,1555163915839,1555163928696
1100,1555163907768,1555163928697
1105,1555163908779,1555163928697
1106,1555163908979,1555163928698
1121,1555163912006,1555163928699
1143,1555163916444,1555163928700
1116,1555163910995,1555163928701
1131,1555163914022,1555163928702
1134,1555163914625,1555163928702
1148,1555163917448,1555163928703
1142,1555163916243,1555163928703
1110,1555163909786,1555163928704
1122,1555163912208,1555163928704
1125,1555163912813,1555163928704
1137,1555163915228,1555163928705
1141,1555163916041,1555163928705
1118,1555163911398,1555163928706
1136,1555163915028,1555163928706
1138,1555163915430,1555163928707
1104,1555163908577,1555163928708
1108,1555163909382,1555163928709
1112,1555163910189,1555163928709
1114,1555163910592,1555163928709
1115,1555163910794,1555163928710
1139,1555163915632,1555163928710
1145,1555163916846,1555163928710
1149,1555163917650,1555163928710
1123,1555163912409,1555163928710
1127,1555163913217,1555163928710
1129,1555163913620,1555163928711
1132,1555163914223,1555163928711
1153,1555163918462,1555163938693
1176,1555163923112,1555163938694
1188,1555163925535,1555163938694
1190,1555163925939,1555163938697
1152,1555163918259,1555163938698
1158,1555163919475,1555163938700
1160,1555163919877,1555163938700
1163,1555163920482,1555163938701
1166,1555163921091,1555163938702
1170,1555163921900,1555163938702
1174,1555163922707,1555163938703
1197,1555163927364,1555163938706
1156,1555163919068,1555163938707
1179,1555163923718,1555163938708
1172,1555163922303,1555163938708
1167,1555163921293,1555163938710
1168,1555163921496,1555163938712
1177,1555163923314,1555163938713
1182,1555163924322,1555163938715
1185,1555163924929,1555163938715
1198,1555163927571,1555163938716
1164,1555163920684,1555163938716
1161,1555163920079,1555163938716
1165,1555163920887,1555163938716
1180,1555163923920,1555163938717
1181,1555163924120,1555163938718
1193,1555163926557,1555163938718
1155,1555163918865,1555163938718
1159,1555163919676,1555163938718
1169,1555163921697,1555163938719
1178,1555163923516,1555163938719
1183,1555163924525,1555163938719
1189,1555163925738,1555163938719
1196,1555163927163,1555163938719
1151,1555163918058,1555163938720
1162,1555163920279,1555163938720
1175,1555163922910,1555163938720
1187,1555163925332,1555163938721
1191,1555163926146,1555163938721
1157,1555163919270,1555163938723
1154,1555163918664,1555163938724
1171,1555163922103,1555163938725
1173,1555163922505,1555163938726
1184,1555163924727,1555163938726
1186,1555163925131,1555163938727
1192,1555163926356,1555163938728
1194,1555163926759,1555163938728
1150,1555163917852,1555163938729
1195,1555163926962,1555163938729
1200,1555163927975,1555163948727
1228,1555163933638,1555163948727
1206,1555163929187,1555163948728
1222,1555163932429,1555163948728
1229,1555163933840,1555163948729
1230,1555163934042,1555163948730
1232,1555163934445,1555163948731
1241,1555163936265,1555163948732
1203,1555163928580,1555163948733
1205,1555163928986,1555163948733
1207,1555163929390,1555163948734
1236,1555163935252,1555163948736
1201,1555163928177,1555163948737
1202,1555163928378,1555163948738
1234,1555163934848,1555163948738
1199,1555163927774,1555163948739
1208,1555163929591,1555163948740
1214,1555163930805,1555163948741
1219,1555163931815,1555163948742
1220,1555163932026,1555163948745
1221,1555163932227,1555163948746
1224,1555163932832,1555163948747
1226,1555163933234,1555163948748
1211,1555163930198,1555163948751
1213,1555163930602,1555163948751
1243,1555163936670,1555163948752
1235,1555163935050,1555163948752
1240,1555163936059,1555163948753
1225,1555163933034,1555163948753
1233,1555163934647,1555163948754
1239,1555163935858,1555163948755
1246,1555163937279,1555163948755
1204,1555163928785,1555163948756
1212,1555163930399,1555163948756
1227,1555163933437,1555163948757
1231,1555163934244,1555163948757
1237,1555163935454,1555163948757
1245,1555163937076,1555163948757
1209,1555163929793,1555163948758
1210,1555163929995,1555163948759
1217,1555163931412,1555163948759
1218,1555163931613,1555163948759
1223,1555163932631,1555163948759
1238,1555163935657,1555163948760
1242,1555163936467,1555163948760
1244,1555163936872,1555163948760
1215,1555163931006,1555163948760
1216,1555163931208,1555163948761
1291,1555163946390,1555163958688
1260,1555163940140,1555163958688
1265,1555163941150,1555163958688
1271,1555163942365,1555163958689
1284,1555163944981,1555163958690
1288,1555163945783,1555163958690
1278,1555163943772,1555163958691
1286,1555163945382,1555163958691
1297,1555163947619,1555163958691
1259,1555163939939,1555163958692
1263,1555163940748,1555163958692
1272,1555163942565,1555163958693
1273,1555163942766,1555163958698
1276,1555163943369,1555163958700
1247,1555163937485,1555163958701
1251,1555163938295,1555163958701
1253,1555163938729,1555163958702
1261,1555163940343,1555163958702
1285,1555163945182,1555163958702
1293,1555163946792,1555163958703
1295,1555163947193,1555163958703
1254,1555163938931,1555163958703
1255,1555163939134,1555163958704
1258,1555163939739,1555163958704
1269,1555163941963,1555163958706
1277,1555163943571,1555163958707
1294,1555163946993,1555163958708
1256,1555163939334,1555163958709
1262,1555163940545,1555163958709
1280,1555163944174,1555163958709
1289,1555163945983,1555163958710
1292,1555163946591,1555163958710
1275,1555163943168,1555163958710
1281,1555163944376,1555163958711
1283,1555163944781,1555163958711
1250,1555163938093,1555163958711
1249,1555163937890,1555163958712
1257,1555163939537,1555163958712
1270,1555163942164,1555163958712
1274,1555163942967,1555163958712
1287,1555163945582,1555163958713
1296,1555163947398,1555163958713
1282,1555163944579,1555163958713
1290,1555163946185,1555163958714
1252,1555163938497,1555163958714
1266,1555163941354,1555163958715
1267,1555163941560,1555163958715
1268,1555163941762,1555163958715
1279,1555163943973,1555163958716
1248,1555163937687,1555163958718
1264,1555163940950,1555163958723
1317,1555163951665,1555163968887
1318,1555163951866,1555163968889
1320,1555163952268,1555163968891
1325,1555163953274,1555163968892
1330,1555163954277,1555163968894
1337,1555163955689,1555163968896
1328,1555163953876,1555163968899
1333,1555163954882,1555163968900
1339,1555163956089,1555163968906
1342,1555163956692,1555163968916
1345,1555163957294,1555163968921
1304,1555163949039,1555163968922
1306,1555163949444,1555163968925
1309,1555163950049,1555163968927
1326,1555163953475,1555163968928
1346,1555163957495,1555163968929
1321,1555163952469,1555163968930
1298,1555163947828,1555163968931
1299,1555163948030,1555163968932
1303,1555163948838,1555163968933
1305,1555163949242,1555163968934
1310,1555163950250,1555163968935
1313,1555163950853,1555163968938
1301,1555163948432,1555163968939
1312,1555163950651,1555163968941
1314,1555163951056,1555163968943
1327,1555163953675,1555163968944
1341,1555163956492,1555163968946
1338,1555163955889,1555163968947
1343,1555163956893,1555163968948
1300,1555163948232,1555163968948
1307,1555163949646,1555163968949
1323,1555163952872,1555163968950
1324,1555163953072,1555163968951
1331,1555163954480,1555163968952
1332,1555163954681,1555163968952
1308,1555163949848,1555163968954
1311,1555163950451,1555163968955
1315,1555163951259,1555163968956
1319,1555163952066,1555163968957
1334,1555163955082,1555163968958
1335,1555163955285,1555163968958
1344,1555163957093,1555163968959
1302,1555163948636,1555163968959
1316,1555163951461,1555163968960
1322,1555163952670,1555163968960
1329,1555163954076,1555163968961
1336,1555163955487,1555163968961
1340,1555163956290,1555163968961
1353,1555163958925,1555163978840
1359,1555163960132,1555163978842
1373,1555163962960,1555163978844
1374,1555163963163,1555163978845
1377,1555163963767,1555163978846
1378,1555163963969,1555163978847
1386,1555163965580,1555163978849
1388,1555163965987,1555163978850
1392,1555163966792,1555163978852
1361,1555163960534,1555163978858
1367,1555163961745,1555163978861
1347,1555163957696,1555163978865
1370,1555163962354,1555163978867
1382,1555163964778,1555163978869
1357,1555163959731,1555163978871
1360,1555163960334,1555163978873
1364,1555163961141,1555163978875
1376,1555163963565,1555163978877
1385,1555163965380,1555163978879
1393,1555163966994,1555163978881
1348,1555163957904,1555163978882
1356,1555163959529,1555163978883
1358,1555163959931,1555163978887
1362,1555163960736,1555163978889
1371,1555163962555,1555163978890
1372,1555163962759,1555163978891
1375,1555163963363,1555163978892
1384,1555163965180,1555163978894
1387,1555163965782,1555163978895
1389,1555163966188,1555163978896
1391,1555163966591,1555163978898
1352,1555163958725,1555163978900
1354,1555163959125,1555163978903
1355,1555163959328,1555163978904
1363,1555163960939,1555163978905
1365,1555163961342,1555163978906
1383,1555163964979,1555163978906
1349,1555163958105,1555163978907
1350,1555163958306,1555163978909
1351,1555163958506,1555163978910
1368,1555163961946,1555163978910
1379,1555163964173,1555163978911
1380,1555163964374,1555163978911
1381,1555163964576,1555163978912
1390,1555163966390,1555163978912
1394,1555163967195,1555163978913
1366,1555163961543,1555163978915
1369,1555163962150,1555163978916
1395,1555163967397,1555163978916
1425,1555163973451,1555163988745
1426,1555163973654,1555163988746
1436,1555163975674,1555163988747
1397,1555163967801,1555163988747
1399,1555163968204,1555163988748
1404,1555163969210,1555163988749
1409,1555163970217,1555163988749
1424,1555163973250,1555163988750
1438,1555163976079,1555163988754
1429,1555163974261,1555163988755
1433,1555163975068,1555163988756
1434,1555163975270,1555163988756
1405,1555163969410,1555163988757
1415,1555163971436,1555163988758
1420,1555163972448,1555163988759
1422,1555163972850,1555163988760
1428,1555163974059,1555163988760
1443,1555163977092,1555163988761
1398,1555163968004,1555163988761
1437,1555163975878,1555163988762
1439,1555163976282,1555163988763
1445,1555163977493,1555163988770
1403,1555163969008,1555163988771
1407,1555163969814,1555163988772
1412,1555163970830,1555163988772
1435,1555163975471,1555163988773
1441,1555163976688,1555163988773
1400,1555163968405,1555163988774
1402,1555163968807,1555163988774
1413,1555163971032,1555163988775
1419,1555163972246,1555163988776
1423,1555163973050,1555163988776
1416,1555163971641,1555163988777
1421,1555163972648,1555163988777
1431,1555163974664,1555163988778
1401,1555163968605,1555163988778
1406,1555163969613,1555163988778
1408,1555163970016,1555163988780
1410,1555163970422,1555163988780
1414,1555163971234,1555163988781
1444,1555163977293,1555163988781
1430,1555163974462,1555163988781
1432,1555163974865,1555163988782
1440,1555163976486,1555163988782
1396,1555163967600,1555163988782
1417,1555163971842,1555163988782
1411,1555163970628,1555163988782
1418,1555163972044,1555163988783
1427,1555163973857,1555163988783
1487,1555163985978,1555163998774
1446,1555163977700,1555163998775
1473,1555163983153,1555163998775
1467,1555163981945,1555163998776
1468,1555163982145,1555163998776
1474,1555163983354,1555163998780
1479,1555163984368,1555163998780
1491,1555163986786,1555163998780
1458,1555163980126,1555163998781
1463,1555163981134,1555163998781
1461,1555163980732,1555163998782
1465,1555163981540,1555163998782
1485,1555163985575,1555163998783
1486,1555163985778,1555163998784
1493,1555163987189,1555163998784
1454,1555163979321,1555163998786
1459,1555163980328,1555163998786
1462,1555163980934,1555163998787
1464,1555163981335,1555163998787
1469,1555163982346,1555163998788
1470,1555163982547,1555163998789
1480,1555163984569,1555163998789
1449,1555163978308,1555163998789
1457,1555163979925,1555163998789
1484,1555163985374,1555163998790
1490,1555163986584,1555163998790
1475,1555163983556,1555163998790
1476,1555163983759,1555163998790
1450,1555163978511,1555163998790
1452,1555163978918,1555163998791
1472,1555163982948,1555163998791
1488,1555163986180,1555163998791
1495,1555163987600,1555163998791
1447,1555163977902,1555163998791
1448,1555163978105,1555163998792
1471,1555163982747,1555163998792
1477,1555163983962,1555163998792
1483,1555163985173,1555163998793
1489,1555163986382,1555163998793
1492,1555163986988,1555163998793
1494,1555163987397,1555163998793
1456,1555163979724,1555163998794
1466,1555163981745,1555163998794
1453,1555163979120,1555163998794
1455,1555163979523,1555163998795
1460,1555163980530,1555163998795
1478,1555163984166,1555163998795
1481,1555163984771,1555163998795
1482,1555163984971,1555163998796
1442,1555163976891,1555163998798
1451,1555163978712,1555163998799
1526,1555163993853,1555164008830
1512,1555163991031,1555164008831
1528,1555163994255,1555164008831
1520,1555163992641,1555164008832
1544,1555163997484,1555164008832
1500,1555163988613,1555164008832
1509,1555163990429,1555164008834
1511,1555163990830,1555164008835
1519,1555163992440,1555164008835
1527,1555163994054,1555164008836
1498,1555163988206,1555164008836
1499,1555163988406,1555164008836
1506,1555163989825,1555164008837
1530,1555163994657,1555164008837
1537,1555163996070,1555164008837
1516,1555163991836,1555164008838
1521,1555163992843,1555164008838
1523,1555163993246,1555164008838
1533,1555163995261,1555164008839
1535,1555163995667,1555164008840
1496,1555163987803,1555164008841
1503,1555163989218,1555164008841
1513,1555163991233,1555164008841
1524,1555163993447,1555164008841
1529,1555163994455,1555164008842
1531,1555163994858,1555164008843
1532,1555163995060,1555164008843
1538,1555163996272,1555164008844
1497,1555163988004,1555164008844
1507,1555163990025,1555164008845
1522,1555163993046,1555164008845
1541,1555163996878,1555164008845
1514,1555163991434,1555164008846
1534,1555163995462,1555164008846
1543,1555163997283,1555164008847
1505,1555163989623,1555164008848
1508,1555163990227,1555164008848
1510,1555163990630,1555164008848
1515,1555163991635,1555164008849
1517,1555163992038,1555164008849
1501,1555163988815,1555164008849
1502,1555163989016,1555164008850
1504,1555163989422,1555164008850
1539,1555163996472,1555164008850
1540,1555163996675,1555164008851
1542,1555163997081,1555164008851
1518,1555163992239,1555164008851
1525,1555163993648,1555164008851
1536,1555163995869,1555164008852
1553,1555163999300,1555164018845
1564,1555164001523,1555164018845
1565,1555164001725,1555164018845
1576,1555164003943,1555164018847
1588,1555164006369,1555164018847
1580,1555164004750,1555164018847
1545,1555163997687,1555164018848
1549,1555163998495,1555164018848
1557,1555164000105,1555164018848
1560,1555164000714,1555164018849
1571,1555164002933,1555164018849
1575,1555164003741,1555164018849
1547,1555163998092,1555164018849
1566,1555164001927,1555164018850
1574,1555164003540,1555164018850
1581,1555164004953,1555164018850
1590,1555164006778,1555164018852
1592,1555164007182,1555164018853
1593,1555164007383,1555164018855
1551,1555163998898,1555164018857
1554,1555163999501,1555164018858
1556,1555163999904,1555164018858
1567,1555164002128,1555164018859
1572,1555164003136,1555164018859
1579,1555164004549,1555164018860
1594,1555164007587,1555164018860
1559,1555164000510,1555164018861
1568,1555164002329,1555164018862
1577,1555164004146,1555164018863
1582,1555164005156,1555164018863
1584,1555164005560,1555164018863
1550,1555163998698,1555164018865
1570,1555164002731,1555164018865
1583,1555164005359,1555164018865
1587,1555164006165,1555164018866
1589,1555164006571,1555164018866
1548,1555163998294,1555164018866
1552,1555163999098,1555164018866
1563,1555164001321,1555164018867
1569,1555164002530,1555164018867
1578,1555164004347,1555164018867
1585,1555164005762,1555164018867
1586,1555164005963,1555164018868
1546,1555163997890,1555164018868
1555,1555163999703,1555164018869
1558,1555164000309,1555164018870
1561,1555164000916,1555164018871
1562,1555164001120,1555164018873
1573,1555164003339,1555164018874
1601,1555164008996,1555164028794
1609,1555164010609,1555164028795
1628,1555164014454,1555164028795
1641,1555164017103,1555164028796
1591,1555164006978,1555164028797
1603,1555164009399,1555164028798
1607,1555164010204,1555164028798
1616,1555164012027,1555164028799
1622,1555164013241,1555164028800
1626,1555164014049,1555164028800
1639,1555164016699,1555164028801
1642,1555164017306,1555164028801
1643,1555164017506,1555164028801
1604,1555164009601,1555164028802
1614,1555164011619,1555164028804
1621,1555164013039,1555164028805
1636,1555164016085,1555164028805
1596,1555164007990,1555164028805
1598,1555164008393,1555164028805
1608,1555164010407,1555164028806
1617,1555164012229,1555164028806
1625,1555164013847,1555164028806
1627,1555164014251,1555164028806
1630,1555164014862,1555164028807
1595,1555164007790,1555164028807
1597,1555164008192,1555164028808
1605,1555164009803,1555164028808
1615,1555164011819,1555164028808
1629,1555164014660,1555164028808
1632,1555164015270,1555164028809
1633,1555164015473,1555164028809
1606,1555164010003,1555164028810
1611,1555164011013,1555164028810
1631,1555164015064,1555164028810
1634,1555164015683,1555164028810
1600,1555164008795,1555164028810
1610,1555164010812,1555164028811
1613,1555164011417,1555164028811
1618,1555164012432,1555164028811
1619,1555164012634,1555164028811
1635,1555164015883,1555164028811
1599,1555164008595,1555164028812
1602,1555164009198,1555164028812
1612,1555164011216,1555164028812
1620,1555164012836,1555164028813
1623,1555164013443,1555164028813
1624,1555164013646,1555164028813
1637,1555164016288,1555164028814
1638,1555164016491,1555164028814
1675,1555164023984,1555164038827
1676,1555164024186,1555164038828
1644,1555164017709,1555164038828
1647,1555164018317,1555164038829
1664,1555164021750,1555164038829
1666,1555164022154,1555164038829
1668,1555164022564,1555164038830
1672,1555164023376,1555164038831
1677,1555164024389,1555164038832
1680,1555164025008,1555164038835
1691,1555164027227,1555164038838
1655,1555164019933,1555164038839
1660,1555164020942,1555164038840
1682,1555164025410,1555164038842
1684,1555164025814,1555164038844
1689,1555164026823,1555164038846
1690,1555164027025,1555164038847
1640,1555164016901,1555164038848
1653,1555164019529,1555164038849
1654,1555164019731,1555164038850
1659,1555164020739,1555164038850
1645,1555164017911,1555164038851
1656,1555164020136,1555164038851
1681,1555164025209,1555164038853
1686,1555164026218,1555164038853
1688,1555164026622,1555164038854
1685,1555164026015,1555164038854
1652,1555164019327,1555164038855
1661,1555164021144,1555164038855
1662,1555164021345,1555164038856
1658,1555164020538,1555164038856
1670,1555164022972,1555164038856
1687,1555164026420,1555164038856
1679,1555164024803,1555164038857
1692,1555164027429,1555164038857
1651,1555164019124,1555164038857
1663,1555164021547,1555164038858
1665,1555164021952,1555164038858
1667,1555164022357,1555164038860
1671,1555164023174,1555164038860
1678,1555164024595,1555164038861
1693,1555164027630,1555164038861
1646,1555164018114,1555164038862
1649,1555164018720,1555164038862
1657,1555164020337,1555164038863
1673,1555164023578,1555164038863
1648,1555164018519,1555164038864
1650,1555164018924,1555164038864
1669,1555164022769,1555164038865
1674,1555164023779,1555164038865
1709,1555164030857,1555164048935
1711,1555164031259,1555164048936
1732,1555164035528,1555164048937
1720,1555164033096,1555164048936
1740,1555164037143,1555164048937
1706,1555164030246,1555164048937
1718,1555164032693,1555164048938
1726,1555164034321,1555164048940
1729,1555164034925,1555164048941
1713,1555164031664,1555164048941
1707,1555164030451,1555164048942
1714,1555164031870,1555164048943
1731,1555164035326,1555164048944
1702,1555164029442,1555164048944
1727,1555164034521,1555164048945
1733,1555164035729,1555164048946
1734,1555164035931,1555164048947
1696,1555164028236,1555164048948
1698,1555164028637,1555164048948
1683,1555164025612,1555164048949
1703,1555164029643,1555164048951
1712,1555164031461,1555164048951
1725,1555164034111,1555164048952
1697,1555164028437,1555164048952
1699,1555164028837,1555164048952
1730,1555164035125,1555164048953
1739,1555164036940,1555164048953
1737,1555164036537,1555164048954
1741,1555164037343,1555164048954
1742,1555164037545,1555164048954
1695,1555164028033,1555164048955
1700,1555164029038,1555164048956
1701,1555164029241,1555164048956
1704,1555164029845,1555164048956
1710,1555164031058,1555164048957
1722,1555164033505,1555164048957
1723,1555164033706,1555164048958
1728,1555164034723,1555164048959
1694,1555164027832,1555164048959
1736,1555164036335,1555164048960
1735,1555164036133,1555164048960
1708,1555164030653,1555164048961
1715,1555164032073,1555164048961
1716,1555164032282,1555164048962
1717,1555164032487,1555164048963
1719,1555164032894,1555164048963
1721,1555164033299,1555164048964
1724,1555164033908,1555164048965
1705,1555164030045,1555164048965
1749,1555164038962,1555164058679
1756,1555164040389,1555164058681
1759,1555164040996,1555164058683
1769,1555164043018,1555164058684
1783,1555164045844,1555164058686
1784,1555164046045,1555164058692
1744,1555164037953,1555164058693
1750,1555164039167,1555164058694
1755,1555164040187,1555164058695
1781,1555164045441,1555164058696
1779,1555164045035,1555164058698
1782,1555164045643,1555164058699
1762,1555164041603,1555164058701
1738,1555164036738,1555164058700
1765,1555164042209,1555164058702
1770,1555164043220,1555164058702
1774,1555164044027,1555164058703
1777,1555164044633,1555164058704
1787,1555164046650,1555164058706
1788,1555164046853,1555164058707
1773,1555164043826,1555164058707
1776,1555164044430,1555164058708
1745,1555164038154,1555164058708
1746,1555164038357,1555164058709
1754,1555164039980,1555164058709
1760,1555164041198,1555164058710
1763,1555164041805,1555164058710
1771,1555164043423,1555164058711
1785,1555164046246,1555164058711
1743,1555164037751,1555164058711
1752,1555164039571,1555164058712
1761,1555164041400,1555164058712
1764,1555164042007,1555164058713
1767,1555164042614,1555164058715
1778,1555164044835,1555164058716
1747,1555164038558,1555164058717
1748,1555164038760,1555164058718
1751,1555164039369,1555164058719
1768,1555164042816,1555164058719
1786,1555164046449,1555164058719
1780,1555164045239,1555164058720
1753,1555164039776,1555164058720
1757,1555164040592,1555164058720
1758,1555164040794,1555164058720
1766,1555164042411,1555164058720
1772,1555164043624,1555164058721
1775,1555164044228,1555164058721
1804,1555164050092,1555164068408
1810,1555164051306,1555164068409
1814,1555164052118,1555164068417
1812,1555164051713,1555164068425
1818,1555164052931,1555164068428
1819,1555164053133,1555164068429
1791,1555164047457,1555164068430
1795,1555164048270,1555164068431
1829,1555164055155,1555164068431
1832,1555164055764,1555164068432
1822,1555164053738,1555164068433
1824,1555164054145,1555164068433
1835,1555164056370,1555164068436
1837,1555164056775,1555164068437
1813,1555164051918,1555164068438
1817,1555164052729,1555164068438
1815,1555164052320,1555164068438
1823,1555164053940,1555164068440
1792,1555164047659,1555164068440
1811,1555164051509,1555164068440
1820,1555164053334,1555164068440
1821,1555164053536,1555164068441
1831,1555164055559,1555164068441
1840,1555164057381,1555164068442
1841,1555164057582,1555164068442
1808,1555164050901,1555164068443
1799,1555164049077,1555164068444
1826,1555164054551,1555164068445
1827,1555164054753,1555164068446
1789,1555164047053,1555164068447
1803,1555164049891,1555164068448
1805,1555164050295,1555164068449
1800,1555164049280,1555164068449
1801,1555164049482,1555164068450
1828,1555164054954,1555164068450
1830,1555164055359,1555164068450
1836,1555164056573,1555164068451
1793,1555164047865,1555164068451
1797,1555164048675,1555164068451
1807,1555164050699,1555164068452
1796,1555164048472,1555164068452
1806,1555164050497,1555164068453
1816,1555164052522,1555164068453
1833,1555164055966,1555164068453
1834,1555164056167,1555164068453
1790,1555164047255,1555164068453
1802,1555164049689,1555164068453
1798,1555164048876,1555164068454
1825,1555164054349,1555164068454
1838,1555164056977,1555164068455
1794,1555164048067,1555164068455
1809,1555164051103,1555164068455
1839,1555164057179,1555164078508
1851,1555164059605,1555164078509
1870,1555164063449,1555164078509
1889,1555164067295,1555164078510
1890,1555164067503,1555164078510
1845,1555164058392,1555164078513
1846,1555164058593,1555164078515
1852,1555164059809,1555164078517
1880,1555164065470,1555164078517
1842,1555164057785,1555164078518
1849,1555164059200,1555164078518
1850,1555164059403,1555164078519
1857,1555164060819,1555164078520
1867,1555164062839,1555164078520
1884,1555164066282,1555164078521
1886,1555164066686,1555164078522
1847,1555164058794,1555164078523
1869,1555164063246,1555164078523
1875,1555164064459,1555164078525
1881,1555164065672,1555164078525
1882,1555164065879,1555164078526
1848,1555164058996,1555164078526
1858,1555164061021,1555164078527
1888,1555164067091,1555164078528
1872,1555164063853,1555164078530
1876,1555164064662,1555164078532
1877,1555164064864,1555164078533
1855,1555164060417,1555164078534
1861,1555164061630,1555164078534
1862,1555164061831,1555164078535
1863,1555164062032,1555164078535
1865,1555164062436,1555164078536
1879,1555164065267,1555164078538
1885,1555164066484,1555164078539
1866,1555164062638,1555164078541
1868,1555164063044,1555164078541
1873,1555164064053,1555164078542
1844,1555164058189,1555164078542
1853,1555164060011,1555164078543
1854,1555164060214,1555164078543
1859,1555164061226,1555164078545
1864,1555164062233,1555164078547
1878,1555164065066,1555164078548
1883,1555164066080,1555164078549
1887,1555164066887,1555164078550
1843,1555164057987,1555164078550
1856,1555164060617,1555164078551
1860,1555164061428,1555164078551
1871,1555164063651,1555164078552
1874,1555164064257,1555164078553
1897,1555164068911,1555164088689
1903,1555164070122,1555164088691
1906,1555164070731,1555164088693
1912,1555164071941,1555164088698
1919,1555164073367,1555164088700
1937,1555164076996,1555164088701
1892,1555164067904,1555164088702
1894,1555164068307,1555164088703
1938,1555164077196,1555164088705
1934,1555164076390,1555164088706
1899,1555164069313,1555164088708
1921,1555164073772,1555164088710
1913,1555164072144,1555164088711
1916,1555164072751,1555164088712
1918,1555164073162,1555164088713
1936,1555164076794,1555164088713
1909,1555164071334,1555164088714
1911,1555164071738,1555164088716
1904,1555164070325,1555164088717
1922,1555164073974,1555164088717
1928,1555164075183,1555164088718
1939,1555164077398,1555164088718
1895,1555164068509,1555164088718
1902,1555164069921,1555164088719
1915,1555164072549,1555164088719
1920,1555164073570,1555164088720
1924,1555164074378,1555164088720
1926,1555164074781,1555164088720
1933,1555164076188,1555164088721
1901,1555164069717,1555164088721
1905,1555164070529,1555164088722
1929,1555164075383,1555164088722
1930,1555164075583,1555164088723
1932,1555164075986,1555164088723
1914,1555164072345,1555164088723
1925,1555164074580,1555164088724
1898,1555164069111,1555164088725
1900,1555164069514,1555164088725
1907,1555164070933,1555164088725
1935,1555164076591,1555164088726
1893,1555164068105,1555164088726
1896,1555164068710,1555164088726
1910,1555164071537,1555164088727
1917,1555164072954,1555164088727
1923,1555164074175,1555164088727
1927,1555164074982,1555164088728
1931,1555164075785,1555164088728
1891,1555164067703,1555164088728
1908,1555164071133,1555164088728
1945,1555164078608,1555164098506
1958,1555164081240,1555164098506
1973,1555164084265,1555164098506
1976,1555164084885,1555164098507
1981,1555164085904,1555164098507
1979,1555164085499,1555164098507
1985,1555164086714,1555164098508
1946,1555164078808,1555164098508
1950,1555164079626,1555164098508
1951,1555164079827,1555164098508
1955,1555164080633,1555164098509
1959,1555164081442,1555164098509
1970,1555164083659,1555164098509
1943,1555164078207,1555164098510
1953,1555164080230,1555164098511
1954,1555164080432,1555164098511
1961,1555164081843,1555164098512
1963,1555164082249,1555164098512
1986,1555164086915,1555164098512
1941,1555164077800,1555164098513
1969,1555164083456,1555164098513
1977,1555164085095,1555164098515
1942,1555164078001,1555164098515
1947,1555164079012,1555164098516
1948,1555164079216,1555164098516
1957,1555164081037,1555164098516
1962,1555164082046,1555164098517
1965,1555164082652,1555164098517
1975,1555164084681,1555164098518
1980,1555164085701,1555164098520
1940,1555164077599,1555164098522
1949,1555164079420,1555164098522
1952,1555164080028,1555164098522
1966,1555164082854,1555164098522
1967,1555164083056,1555164098523
1972,1555164084063,1555164098523
1983,1555164086308,1555164098523
1987,1555164087116,1555164098523
1989,1555164087521,1555164098524
1988,1555164087319,1555164098524
1944,1555164078408,1555164098524
1964,1555164082450,1555164098524
1968,1555164083256,1555164098525
1978,1555164085296,1555164098525
1982,1555164086106,1555164098526
1984,1555164086511,1555164098526
1956,1555164080836,1555164098527
1960,1555164081642,1555164098527
1971,1555164083861,1555164098527
1974,1555164084480,1555164098527
2007,1555164091168,1555164109430
2015,1555164092789,1555164109431
2032,1555164096221,1555164109433
2039,1555164097638,1555164109434
2027,1555164095214,1555164109435
2028,1555164095417,1555164109436
2037,1555164097229,1555164109437
1992,1555164088135,1555164109438
2003,1555164090359,1555164109439
2001,1555164089954,1555164109440
2011,1555164091978,1555164109440
2018,1555164093394,1555164109441
2036,1555164097028,1555164109442
2019,1555164093595,1555164109442
2024,1555164094608,1555164109444
2026,1555164095012,1555164109445
2029,1555164095618,1555164109445
2034,1555164096625,1555164109446
2017,1555164093191,1555164109446
2022,1555164094205,1555164109447
2030,1555164095819,1555164109448
1993,1555164088338,1555164109448
1997,1555164089144,1555164109449
1998,1555164089346,1555164109449
2006,1555164090967,1555164109450
2009,1555164091575,1555164109450
2033,1555164096424,1555164109450
1990,1555164087727,1555164109451
1999,1555164089550,1555164109451
2012,1555164092180,1555164109456
2020,1555164093797,1555164109457
2025,1555164094810,1555164109458
1991,1555164087934,1555164109459
2000,1555164089753,1555164109460
2005,1555164090765,1555164109460
2014,1555164092587,1555164109461
2023,1555164094407,1555164109462
2038,1555164097430,1555164109463
1994,1555164088541,1555164109463
2002,1555164090158,1555164109464
2021,1555164094002,1555164109464
2031,1555164096020,1555164109464
2035,1555164096827,1555164109464
2013,1555164092384,1555164109465
2016,1555164092990,1555164109465
1995,1555164088743,1555164109465
1996,1555164088944,1555164109466
2004,1555164090562,1555164109467
2008,1555164091371,1555164109469
2010,1555164091777,1555164109470
2055,1555164100878,1555164122756
2066,1555164103100,1555164122756
2062,1555164102293,1555164122757
2077,1555164105326,1555164122758
2051,1555164100073,1555164122758
2056,1555164101082,1555164122759
2083,1555164106537,1555164122760
2061,1555164102093,1555164122759
2086,1555164107143,1555164122760
2082,1555164106333,1555164122761
2042,1555164098248,1555164122761
2054,1555164100677,1555164122762
2058,1555164101487,1555164122762
2059,1555164101688,1555164122765
2060,1555164101890,1555164122766
2075,1555164104921,1555164122767
2043,1555164098450,1555164122768
2049,1555164099666,1555164122769
2072,1555164104316,1555164122770
2080,1555164105930,1555164122771
2084,1555164106739,1555164122771
2045,1555164098854,1555164122772
2048,1555164099465,1555164122772
2050,1555164099869,1555164122773
2057,1555164101284,1555164122773
2064,1555164102697,1555164122774
2065,1555164102899,1555164122774
2073,1555164104517,1555164122775
2040,1555164097844,1555164122776
2041,1555164098046,1555164122776
2046,1555164099056,1555164122777
2063,1555164102496,1555164122777
2067,1555164103302,1555164122778
2068,1555164103504,1555164122778
2076,1555164105121,1555164122778
2079,1555164105728,1555164122779
2081,1555164106132,1555164122779
2085,1555164106942,1555164122780
2087,1555164107344,1555164122780
2044,1555164098652,1555164122780
2047,1555164099257,1555164122781
2052,1555164100275,1555164122781
2074,1555164104720,1555164122781
2078,1555164105528,1555164122783
2053,1555164100477,1555164122784
2069,1555164103710,1555164122784
2070,1555164103913,1555164122784
2071,1555164104114,1555164122784
2088,1555164107547,1555164122785
2094,1555164108758,1555164128549
2103,1555164110569,1555164128550
2112,1555164112385,1555164128550
2115,1555164112990,1555164128551
2116,1555164113190,1555164128552
2134,1555164116823,1555164128553
2091,1555164108152,1555164128553
2093,1555164108556,1555164128554
2137,1555164117430,1555164128554
2125,1555164115005,1555164128555
2132,1555164116418,1555164128555
2089,1555164107749,1555164128556
2092,1555164108354,1555164128556
2107,1555164111374,1555164128557
2117,1555164113391,1555164128557
2123,1555164114602,1555164128557
2126,1555164115210,1555164128558
2128,1555164115612,1555164128558
2124,1555164114803,1555164128558
2095,1555164108960,1555164128558
2105,1555164110972,1555164128559
2113,1555164112588,1555164128559
2130,1555164116016,1555164128559
2136,1555164117226,1555164128560
2110,1555164111984,1555164128561
2111,1555164112184,1555164128562
2131,1555164116217,1555164128563
2135,1555164117024,1555164128564
2097,1555164109361,1555164128565
2100,1555164109962,1555164128565
2101,1555164110163,1555164128565
2109,1555164111779,1555164128566
2114,1555164112789,1555164128566
2118,1555164113592,1555164128567
2090,1555164107950,1555164128568
2096,1555164109161,1555164128568
2108,1555164111577,1555164128568
2119,1555164113794,1555164128569
2127,1555164115411,1555164128570
2133,1555164116621,1555164128571
2098,1555164109562,1555164128571
2099,1555164109762,1555164128571
2106,1555164111173,1555164128571
2120,1555164113996,1555164128572
2122,1555164114399,1555164128572
2121,1555164114198,1555164128572
2129,1555164115814,1555164128573
2102,1555164110364,1555164128573
2104,1555164110771,1555164128573
2153,1555164120661,1555164138507
2161,1555164122277,1555164138509
2163,1555164122690,1555164138510
2162,1555164122479,1555164138509
2173,1555164124703,1555164138511
2177,1555164125508,1555164138512
2143,1555164118645,1555164138512
2148,1555164119653,1555164138513
2181,1555164126317,1555164138513
2182,1555164126518,1555164138514
2151,1555164120259,1555164138514
2150,1555164120058,1555164138514
2154,1555164120863,1555164138514
2186,1555164127323,1555164138514
2141,1555164118235,1555164138515
2149,1555164119855,1555164138515
2175,1555164125106,1555164138515
2164,1555164122892,1555164138515
2167,1555164123495,1555164138516
2156,1555164121268,1555164138517
2165,1555164123093,1555164138517
2166,1555164123294,1555164138517
2168,1555164123696,1555164138518
2170,1555164124100,1555164138518
2172,1555164124503,1555164138518
2142,1555164118437,1555164138519
2145,1555164119048,1555164138520
2187,1555164127527,1555164138521
2169,1555164123898,1555164138522
2174,1555164124904,1555164138524
2184,1555164126921,1555164138525
2146,1555164119250,1555164138525
2152,1555164120460,1555164138526
2144,1555164118847,1555164138527
2147,1555164119452,1555164138527
2157,1555164121470,1555164138527
2155,1555164121065,1555164138527
2179,1555164125912,1555164138528
2180,1555164126115,1555164138528
2138,1555164117630,1555164138528
2139,1555164117832,1555164138528
2158,1555164121672,1555164138528
2171,1555164124301,1555164138529
2160,1555164122075,1555164138529
2176,1555164125307,1555164138529
2178,1555164125709,1555164138529
2140,1555164118034,1555164138530
2159,1555164121873,1555164138530
2215,1555164133184,1555164148561
2222,1555164134599,1555164148562
2229,1555164136014,1555164148563
2197,1555164129546,1555164148563
2199,1555164129949,1555164148564
2206,1555164131364,1555164148564
2212,1555164132577,1555164148564
2234,1555164137023,1555164148564
2191,1555164128334,1555164148565
2192,1555164128536,1555164148565
2208,1555164131767,1555164148565
2232,1555164136618,1555164148565
2188,1555164127728,1555164148565
2189,1555164127930,1555164148566
2195,1555164129142,1555164148566
2210,1555164132173,1555164148566
2213,1555164132780,1555164148567
2216,1555164133386,1555164148568
2228,1555164135811,1555164148569
2231,1555164136416,1555164148569
2211,1555164132375,1555164148570
2220,1555164134197,1555164148571
2230,1555164136215,1555164148572
2236,1555164137429,1555164148573
2190,1555164128132,1555164148574
2193,1555164128738,1555164148574
2196,1555164129345,1555164148574
2200,1555164130150,1555164148574
2205,1555164131160,1555164148574
2214,1555164132983,1555164148575
2217,1555164133588,1555164148575
2218,1555164133791,1555164148576
2201,1555164130353,1555164148576
2202,1555164130555,1555164148576
2203,1555164130755,1555164148577
2204,1555164130958,1555164148577
2237,1555164137632,1555164148577
2226,1555164135407,1555164148577
2233,1555164136822,1555164148577
2183,1555164126719,1555164148577
2207,1555164131566,1555164148578
2223,1555164134801,1555164148578
2224,1555164135004,1555164148578
2219,1555164133994,1555164148578
2221,1555164134398,1555164148578
2225,1555164135205,1555164148578
2227,1555164135608,1555164148579
2185,1555164127122,1555164148580
2194,1555164128940,1555164148580
2198,1555164129746,1555164148580
2209,1555164131968,1555164148581
2235,1555164137226,1555164148581
2246,1555164139449,1555164158584
2247,1555164139652,1555164158585
2255,1555164141275,1555164158585
2260,1555164142285,1555164158586
2266,1555164143498,1555164158586
2267,1555164143700,1555164158587
2280,1555164146328,1555164158587
2244,1555164139047,1555164158588
2242,1555164138644,1555164158588
2243,1555164138846,1555164158588
2254,1555164141074,1555164158589
2258,1555164141881,1555164158589
2276,1555164145516,1555164158590
2240,1555164138241,1555164158590
2273,1555164144910,1555164158592
2281,1555164146530,1555164158593
2284,1555164147139,1555164158593
2270,1555164144305,1555164158594
2251,1555164140466,1555164158594
2253,1555164140870,1555164158595
2264,1555164143095,1555164158595
2269,1555164144103,1555164158596
2271,1555164144506,1555164158596
2245,1555164139248,1555164158597
2241,1555164138443,1555164158597
2250,1555164140262,1555164158598
2259,1555164142083,1555164158598
2268,1555164143902,1555164158599
2272,1555164144708,1555164158600
2285,1555164147341,1555164158601
2238,1555164137834,1555164158601
2257,1555164141679,1555164158602
2263,1555164142894,1555164158602
2265,1555164143296,1555164158602
2275,1555164145314,1555164158603
2278,1555164145922,1555164158603
2283,1555164146935,1555164158603
2249,1555164140061,1555164158604
2252,1555164140667,1555164158604
2256,1555164141478,1555164158605
2262,1555164142692,1555164158605
2277,1555164145719,1555164158605
2279,1555164146124,1555164158606
2248,1555164139856,1555164158608
2261,1555164142487,1555164158608
2274,1555164145111,1555164158608
2282,1555164146732,1555164158609
2286,1555164147544,1555164158609
2239,1555164138039,1555164158609
2311,1555164152602,1555164168582
2288,1555164147948,1555164168583
2291,1555164148556,1555164168583
2328,1555164156038,1555164168582
2293,1555164148958,1555164168584
2297,1555164149772,1555164168584
2301,1555164150585,1555164168585
2295,1555164149365,1555164168585
2299,1555164150177,1555164168586
2320,1555164154423,1555164168586
2325,1555164155432,1555164168587
2326,1555164155635,1555164168587
2296,1555164149569,1555164168588
2306,1555164151592,1555164168589
2310,1555164152401,1555164168590
2331,1555164156642,1555164168590
2287,1555164147746,1555164168591
2308,1555164151997,1555164168591
2318,1555164154016,1555164168592
2323,1555164155028,1555164168592
2335,1555164157449,1555164168593
2289,1555164148150,1555164168594
2298,1555164149973,1555164168596
2312,1555164152806,1555164168597
2322,1555164154826,1555164168598
2324,1555164155230,1555164168599
2329,1555164156238,1555164168601
2290,1555164148354,1555164168602
2302,1555164150785,1555164168602
2303,1555164150986,1555164168602
2305,1555164151391,1555164168602
2307,1555164151794,1555164168603
2317,1555164153815,1555164168603
2327,1555164155837,1555164168603
2330,1555164156440,1555164168603
2294,1555164149162,1555164168603
2304,1555164151189,1555164168604
2309,1555164152199,1555164168604
2313,1555164153007,1555164168604
2316,1555164153611,1555164168604
2333,1555164157045,1555164168604
2334,1555164157248,1555164168605
2321,1555164154625,1555164168606
2332,1555164156843,1555164168606
2292,1555164148756,1555164168607
2300,1555164150382,1555164168608
2314,1555164153209,1555164168608
2315,1555164153409,1555164168609
2319,1555164154219,1555164168609
2368,1555164164098,1555164178568
2370,1555164164500,1555164178570
2378,1555164166108,1555164178572
2338,1555164158054,1555164178573
2347,1555164159872,1555164178575
2349,1555164160273,1555164178577
2351,1555164160673,1555164178578
2365,1555164163492,1555164178580
2381,1555164166712,1555164178581
2383,1555164167116,1555164178582
2337,1555164157852,1555164178584
2346,1555164159669,1555164178585
2361,1555164162685,1555164178586
2364,1555164163290,1555164178591
2352,1555164160873,1555164178593
2355,1555164161479,1555164178593
2360,1555164162484,1555164178594
2369,1555164164298,1555164178595
2336,1555164157650,1555164178595
2341,1555164158659,1555164178596
2345,1555164159468,1555164178596
2348,1555164160073,1555164178597
2371,1555164164701,1555164178597
2373,1555164165103,1555164178598
2382,1555164166914,1555164178598
2384,1555164167318,1555164178599
2359,1555164162284,1555164178601
2367,1555164163897,1555164178601
2340,1555164158459,1555164178601
2344,1555164159262,1555164178602
2357,1555164161882,1555164178602
2358,1555164162082,1555164178602
2366,1555164163695,1555164178603
2350,1555164160473,1555164178603
2353,1555164161074,1555164178603
2356,1555164161680,1555164178604
2362,1555164162887,1555164178604
2343,1555164159061,1555164178604
2375,1555164165504,1555164178605
2374,1555164165304,1555164178605
2377,1555164165907,1555164178605
2379,1555164166309,1555164178606
2385,1555164167518,1555164178607
2339,1555164158256,1555164178607
2354,1555164161276,1555164178608
2363,1555164163090,1555164178608
2372,1555164164903,1555164178608
2342,1555164158860,1555164178608
2376,1555164165705,1555164178609
2380,1555164166510,1555164178609
2428,1555164176221,1555164188600
2430,1555164176622,1555164188601
2432,1555164177023,1555164188601
2397,1555164169949,1555164188602
2399,1555164170353,1555164188603
2414,1555164173383,1555164188604
2420,1555164174588,1555164188605
2424,1555164175417,1555164188606
2431,1555164176822,1555164188607
2388,1555164168123,1555164188609
2396,1555164169748,1555164188609
2398,1555164170151,1555164188609
2415,1555164173585,1555164188609
2425,1555164175617,1555164188610
2434,1555164177431,1555164188610
2387,1555164167920,1555164188610
2405,1555164171559,1555164188611
2407,1555164171961,1555164188611
2426,1555164175819,1555164188611
2433,1555164177226,1555164188611
2400,1555164170554,1555164188612
2404,1555164171358,1555164188612
2421,1555164174801,1555164188613
2412,1555164172978,1555164188613
2417,1555164173987,1555164188613
2422,1555164175014,1555164188613
2391,1555164168735,1555164188614
2394,1555164169345,1555164188614
2395,1555164169547,1555164188614
2403,1555164171157,1555164188614
2408,1555164172164,1555164188614
2423,1555164175215,1555164188614
2427,1555164176021,1555164188615
2418,1555164174187,1555164188615
2386,1555164167718,1555164188615
2390,1555164168528,1555164188615
2392,1555164168940,1555164188615
2402,1555164170956,1555164188615
2413,1555164173181,1555164188617
2389,1555164168326,1555164188618
2401,1555164170754,1555164188618
2409,1555164172366,1555164188618
2411,1555164172776,1555164188619
2419,1555164174388,1555164188619
2435,1555164177632,1555164188619
2393,1555164169141,1555164188619
2406,1555164171760,1555164188619
2410,1555164172574,1555164188619
2416,1555164173786,1555164188620
2429,1555164176422,1555164188620
2445,1555164179651,1555164198639
2453,1555164181268,1555164198641
2446,1555164179853,1555164198640
2454,1555164181471,1555164198643
2455,1555164181673,1555164198644
2467,1555164184095,1555164198644
2441,1555164178841,1555164198645
2475,1555164185711,1555164198644
2451,1555164180865,1555164198646
2463,1555164183288,1555164198648
2466,1555164183892,1555164198649
2480,1555164186721,1555164198650
2437,1555164178035,1555164198651
2447,1555164180055,1555164198651
2458,1555164182278,1555164198652
2461,1555164182884,1555164198653
2476,1555164185913,1555164198653
2444,1555164179448,1555164198654
2472,1555164185103,1555164198654
2474,1555164185507,1555164198655
2479,1555164186519,1555164198655
2484,1555164187529,1555164198655
2448,1555164180259,1555164198657
2469,1555164184498,1555164198658
2477,1555164186116,1555164198658
2460,1555164182683,1555164198659
2443,1555164179244,1555164198659
2450,1555164180664,1555164198659
2457,1555164182075,1555164198660
2464,1555164183489,1555164198660
2465,1555164183691,1555164198660
2468,1555164184297,1555164198661
2473,1555164185306,1555164198661
2438,1555164178238,1555164198662
2482,1555164187126,1555164198663
2483,1555164187327,1555164198665
2478,1555164186316,1555164198667
2440,1555164178641,1555164198669
2442,1555164179042,1555164198669
2470,1555164184700,1555164198670
2471,1555164184901,1555164198670
2436,1555164177834,1555164198670
2449,1555164180463,1555164198670
2452,1555164181067,1555164198671
2456,1555164181874,1555164198671
2459,1555164182481,1555164198683
2462,1555164183085,1555164198684
2481,1555164186924,1555164198684
2439,1555164178439,1555164198684
2522,1555164195209,1555164208623
2525,1555164195819,1555164208624
2490,1555164188739,1555164208624
2494,1555164189546,1555164208625
2497,1555164190157,1555164208625
2511,1555164192988,1555164208627
2512,1555164193191,1555164208627
2524,1555164195610,1555164208627
2526,1555164196020,1555164208628
2528,1555164196425,1555164208628
2487,1555164188137,1555164208629
2488,1555164188337,1555164208629
2491,1555164188940,1555164208629
2501,1555164190964,1555164208629
2518,1555164194397,1555164208630
2532,1555164197232,1555164208630
2533,1555164197434,1555164208630
2534,1555164197636,1555164208631
2489,1555164188538,1555164208632
2499,1555164190560,1555164208632
2509,1555164192583,1555164208632
2510,1555164192785,1555164208633
2531,1555164197031,1555164208633
2515,1555164193794,1555164208633
2486,1555164187934,1555164208633
2503,1555164191367,1555164208634
2507,1555164192177,1555164208634
2508,1555164192382,1555164208634
2513,1555164193393,1555164208635
2505,1555164191772,1555164208636
2516,1555164193996,1555164208637
2517,1555164194196,1555164208638
2529,1555164196628,1555164208639
2519,1555164194600,1555164208641
2520,1555164194803,1555164208641
2521,1555164195008,1555164208642
2492,1555164189142,1555164208642
2493,1555164189343,1555164208642
2496,1555164189954,1555164208642
2502,1555164191166,1555164208643
2514,1555164193594,1555164208644
2527,1555164196223,1555164208644
2530,1555164196829,1555164208647
2485,1555164187732,1555164208647
2504,1555164191569,1555164208647
2506,1555164191975,1555164208648
2495,1555164189751,1555164208648
2498,1555164190357,1555164208648
2500,1555164190761,1555164208649
2523,1555164195409,1555164208650
2537,1555164198254,1555164218853
2550,1555164200909,1555164218853
2552,1555164201309,1555164218854
2557,1555164202315,1555164218854
2582,1555164207367,1555164218854
2538,1555164198463,1555164218855
2545,1555164199902,1555164218855
2546,1555164200104,1555164218856
2549,1555164200708,1555164218856
2561,1555164203123,1555164218856
2581,1555164207166,1555164218857
2583,1555164207568,1555164218857
2540,1555164198890,1555164218857
2555,1555164201914,1555164218859
2563,1555164203528,1555164218859
2566,1555164204135,1555164218860
2573,1555164205545,1555164218860
2577,1555164206354,1555164218860
2562,1555164203325,1555164218861
2565,1555164203932,1555164218862
2535,1555164197839,1555164218862
2543,1555164199498,1555164218862
2548,1555164200506,1555164218863
2553,1555164201511,1555164218863
2556,1555164202115,1555164218864
2558,1555164202519,1555164218864
2569,1555164204739,1555164218867
2572,1555164205344,1555164218867
2580,1555164206963,1555164218869
2536,1555164198046,1555164218869
2547,1555164200305,1555164218871
2554,1555164201712,1555164218871
2551,1555164201109,1555164218871
2570,1555164204940,1555164218872
2578,1555164206555,1555164218873
2541,1555164199093,1555164218874
2542,1555164199297,1555164218874
2576,1555164206154,1555164218874
2559,1555164202721,1555164218877
2564,1555164203729,1555164218877
2567,1555164204337,1555164218878
2575,1555164205952,1555164218878
2539,1555164198685,1555164218878
2544,1555164199701,1555164218879
2560,1555164202923,1555164218879
2568,1555164204538,1555164218879
2571,1555164205141,1555164218880
2574,1555164205748,1555164218880
2606,1555164212207,1555164228701
2610,1555164213021,1555164228702
2614,1555164213825,1555164228702
2591,1555164209185,1555164228703
2592,1555164209386,1555164228704
2594,1555164209787,1555164228704
2601,1555164211197,1555164228705
2603,1555164211602,1555164228709
2615,1555164214026,1555164228711
2616,1555164214227,1555164228715
2617,1555164214429,1555164228716
2587,1555164208379,1555164228718
2600,1555164210995,1555164228719
2607,1555164212408,1555164228722
2626,1555164216237,1555164228723
2618,1555164214629,1555164228724
2623,1555164215635,1555164228724
2624,1555164215835,1555164228725
2621,1555164215232,1555164228725
2588,1555164208581,1555164228729
2598,1555164210594,1555164228730
2608,1555164212616,1555164228732
2609,1555164212818,1555164228733
2622,1555164215433,1555164228734
2627,1555164216438,1555164228734
2630,1555164217041,1555164228735
2633,1555164217648,1555164228738
2590,1555164208983,1555164228738
2596,1555164210190,1555164228739
2604,1555164211804,1555164228739
2611,1555164213224,1555164228739
2619,1555164214830,1555164228740
2605,1555164212006,1555164228740
2612,1555164213424,1555164228741
2620,1555164215032,1555164228741
2629,1555164216840,1555164228742
2632,1555164217445,1555164228742
2579,1555164206757,1555164228742
2585,1555164207976,1555164228743
2597,1555164210393,1555164228743
2602,1555164211399,1555164228743
2613,1555164213624,1555164228745
2599,1555164210795,1555164228745
2625,1555164216036,1555164228746
2628,1555164216639,1555164228746
2584,1555164207775,1555164228746
2586,1555164208178,1555164228747
2589,1555164208783,1555164228747
2593,1555164209586,1555164228748
2595,1555164209988,1555164228748
2631,1555164217242,1555164228749
2663,1555164223714,1555164239021
2673,1555164225732,1555164239025
2637,1555164218450,1555164239025
2643,1555164219686,1555164239026
2650,1555164221098,1555164239026
2654,1555164221902,1555164239026
2655,1555164222105,1555164239027
2642,1555164219484,1555164239027
2658,1555164222709,1555164239028
2678,1555164226738,1555164239028
2679,1555164226939,1555164239029
2634,1555164217849,1555164239029
2640,1555164219081,1555164239030
2644,1555164219886,1555164239030
2646,1555164220293,1555164239037
2667,1555164224519,1555164239039
2656,1555164222306,1555164239040
2664,1555164223914,1555164239041
2665,1555164224114,1555164239041
2641,1555164219282,1555164239041
2648,1555164220696,1555164239042
2651,1555164221299,1555164239042
2652,1555164221501,1555164239042
2661,1555164223312,1555164239043
2672,1555164225525,1555164239043
2674,1555164225932,1555164239043
2681,1555164227343,1555164239044
2676,1555164226334,1555164239044
2677,1555164226536,1555164239044
2638,1555164218650,1555164239045
2639,1555164218881,1555164239046
2657,1555164222507,1555164239047
2659,1555164222910,1555164239049
2675,1555164226134,1555164239051
2680,1555164227141,1555164239051
2635,1555164218049,1555164239052
2636,1555164218249,1555164239052
2649,1555164220898,1555164239053
2662,1555164223512,1555164239053
2669,1555164224919,1555164239053
2668,1555164224719,1555164239054
2653,1555164221701,1555164239055
2660,1555164223111,1555164239056
2666,1555164224316,1555164239056
2670,1555164225120,1555164239056
2671,1555164225320,1555164239057
2645,1555164220091,1555164239057
2647,1555164220495,1555164239058
2691,1555164229388,1555164248670
2692,1555164229590,1555164248671
2701,1555164231407,1555164248672
2725,1555164236254,1555164248672
2726,1555164236455,1555164248673
2689,1555164228980,1555164248673
2696,1555164230400,1555164248674
2717,1555164234637,1555164248674
2721,1555164235444,1555164248675
2720,1555164235243,1555164248676
2727,1555164236655,1555164248677
2698,1555164230803,1555164248677
2699,1555164231005,1555164248678
2704,1555164232011,1555164248680
2705,1555164232213,1555164248681
2710,1555164233226,1555164248682
2719,1555164235041,1555164248682
2724,1555164236052,1555164248683
2731,1555164237457,1555164248683
2732,1555164237658,1555164248684
2728,1555164236856,1555164248684
2683,1555164227767,1555164248685
2688,1555164228777,1555164248685
2690,1555164229183,1555164248686
2700,1555164231206,1555164248686
2714,1555164234033,1555164248687
2715,1555164234236,1555164248688
2703,1555164231809,1555164248688
2709,1555164233020,1555164248690
2713,1555164233831,1555164248691
2722,1555164235645,1555164248691
2729,1555164237056,1555164248691
2723,1555164235847,1555164248692
2684,1555164227971,1555164248692
2686,1555164228373,1555164248693
2694,1555164229995,1555164248693
2697,1555164230601,1555164248694
2708,1555164232817,1555164248694
2712,1555164233630,1555164248694
2685,1555164228172,1555164248695
2682,1555164227543,1555164248695
2693,1555164229793,1555164248696
2702,1555164231609,1555164248696
2706,1555164232414,1555164248696
2711,1555164233427,1555164248697
2687,1555164228576,1555164248697
2695,1555164230197,1555164248698
2707,1555164232615,1555164248698
2716,1555164234436,1555164248698
2718,1555164234841,1555164248699
2766,1555164244504,1555164258752
2769,1555164245108,1555164258752
2779,1555164247128,1555164258753
2734,1555164238059,1555164258753
2751,1555164241484,1555164258753
2753,1555164241887,1555164258753
2760,1555164243294,1555164258753
2764,1555164244100,1555164258754
2768,1555164244905,1555164258754
2770,1555164245310,1555164258755
2741,1555164239470,1555164258755
2746,1555164240475,1555164258755
2752,1555164241685,1555164258756
2775,1555164246323,1555164258756
2776,1555164246524,1555164258756
2780,1555164247331,1555164258756
2733,1555164237859,1555164258756
2750,1555164241283,1555164258756
2765,1555164244302,1555164258757
2771,1555164245511,1555164258757
2774,1555164246121,1555164258757
2778,1555164246927,1555164258757
2730,1555164237256,1555164258758
2749,1555164241081,1555164258758
2739,1555164239063,1555164258759
2740,1555164239265,1555164258759
2755,1555164242289,1555164258759
2757,1555164242690,1555164258759
2758,1555164242892,1555164258759
2762,1555164243697,1555164258759
2736,1555164238461,1555164258760
2738,1555164238863,1555164258760
2763,1555164243900,1555164258760
2781,1555164247534,1555164258760
2756,1555164242490,1555164258760
2767,1555164244705,1555164258760
2772,1555164245718,1555164258760
2773,1555164245920,1555164258761
2742,1555164239671,1555164258762
2744,1555164240072,1555164258762
2747,1555164240677,1555164258763
2735,1555164238259,1555164258763
2737,1555164238662,1555164258764
2748,1555164240880,1555164258764
2754,1555164242088,1555164258764
2759,1555164243093,1555164258764
2761,1555164243496,1555164258765
2777,1555164246726,1555164258765
2743,1555164239871,1555164258765
2745,1555164240274,1555164258766
2786,1555164248546,1555164269285
2798,1555164250981,1555164269286
2819,1555164255232,1555164269287
2825,1555164256448,1555164269288
2828,1555164257051,1555164269289
2795,1555164250374,1555164269290
2810,1555164253410,1555164269293
2811,1555164253611,1555164269294
2782,1555164247735,1555164269295
2788,1555164248949,1555164269296
2792,1555164249769,1555164269297
2807,1555164252797,1555164269297
2799,1555164251182,1555164269297
2812,1555164253812,1555164269297
2820,1555164255436,1555164269297
2827,1555164256850,1555164269298
2829,1555164257253,1555164269298
2790,1555164249363,1555164269298
2796,1555164250575,1555164269299
2800,1555164251384,1555164269300
2802,1555164251788,1555164269300
2805,1555164252393,1555164269300
2808,1555164252998,1555164269301
2814,1555164254226,1555164269301
2831,1555164257657,1555164269301
2783,1555164247941,1555164269301
2784,1555164248142,1555164269301
2785,1555164248344,1555164269302
2789,1555164249153,1555164269302
2793,1555164249971,1555164269302
2797,1555164250780,1555164269302
2801,1555164251586,1555164269303
2804,1555164252191,1555164269303
2818,1555164255031,1555164269303
2826,1555164256649,1555164269304
2815,1555164254426,1555164269304
2816,1555164254628,1555164269304
2824,1555164256244,1555164269305
2787,1555164248749,1555164269305
2791,1555164249567,1555164269305
2806,1555164252596,1555164269305
2813,1555164254022,1555164269306
2821,1555164255638,1555164269306
2830,1555164257454,1555164269306
2794,1555164250173,1555164269306
2803,1555164251990,1555164269307
2809,1555164253203,1555164269307
2817,1555164254829,1555164269307
2822,1555164255841,1555164269307
2823,1555164256043,1555164269308
2839,1555164259277,1555164278713
2844,1555164260289,1555164278714
2845,1555164260489,1555164278714
2851,1555164261700,1555164278715
2855,1555164262506,1555164278716
2860,1555164263523,1555164278716
2863,1555164264129,1555164278719
2868,1555164265135,1555164278720
2835,1555164258464,1555164278721
2837,1555164258868,1555164278721
2847,1555164260894,1555164278722
2857,1555164262915,1555164278722
2858,1555164263119,1555164278723
2865,1555164264532,1555164278724
2866,1555164264733,1555164278724
2870,1555164265542,1555164278725
2872,1555164265947,1555164278725
2880,1555164267562,1555164278726
2834,1555164258263,1555164278727
2841,1555164259683,1555164278727
2856,1555164262713,1555164278730
2873,1555164266149,1555164278730
2879,1555164267360,1555164278731
2833,1555164258061,1555164278732
2854,1555164262306,1555164278732
2859,1555164263320,1555164278733
2861,1555164263725,1555164278733
2874,1555164266350,1555164278734
2875,1555164266553,1555164278734
2878,1555164267158,1555164278735
2849,1555164261298,1555164278735
2853,1555164262104,1555164278735
2832,1555164257858,1555164278736
2836,1555164258666,1555164278736
2840,1555164259480,1555164278737
2846,1555164260691,1555164278738
2876,1555164266754,1555164278739
2838,1555164259075,1555164278739
2842,1555164259885,1555164278739
2850,1555164261499,1555164278740
2864,1555164264330,1555164278740
2843,1555164260087,1555164278740
2848,1555164261096,1555164278741
2852,1555164261902,1555164278741
2862,1555164263927,1555164278741
2867,1555164264934,1555164278741
2869,1555164265340,1555164278742
2871,1555164265744,1555164278742
2877,1555164266957,1555164278742
2912,1555164274022,1555164288730
2897,1555164270989,1555164288731
2891,1555164269779,1555164288731
2902,1555164271999,1555164288732
2904,1555164272404,1555164288733
2905,1555164272607,1555164288733
2906,1555164272811,1555164288734
2908,1555164273216,1555164288735
2923,1555164276242,1555164288737
2928,1555164277250,1555164288738
2884,1555164268368,1555164288739
2888,1555164269174,1555164288741
2889,1555164269375,1555164288741
2898,1555164271191,1555164288742
2899,1555164271393,1555164288743
2918,1555164275230,1555164288743
2885,1555164268569,1555164288745
2901,1555164271799,1555164288745
2903,1555164272203,1555164288746
2919,1555164275434,1555164288746
2922,1555164276038,1555164288746
2930,1555164277655,1555164288746
2882,1555164267964,1555164288747
2895,1555164270586,1555164288747
2911,1555164273820,1555164288747
2907,1555164273013,1555164288748
2917,1555164275030,1555164288748
2929,1555164277454,1555164288756
2883,1555164268165,1555164288761
2910,1555164273618,1555164288761
2915,1555164274626,1555164288762
2916,1555164274828,1555164288762
2920,1555164275636,1555164288763
2887,1555164268973,1555164288763
2892,1555164269980,1555164288764
2896,1555164270788,1555164288764
2900,1555164271598,1555164288764
2913,1555164274222,1555164288765
2893,1555164270182,1555164288772
2894,1555164270384,1555164288773
2914,1555164274425,1555164288773
2924,1555164276444,1555164288773
2925,1555164276646,1555164288775
2926,1555164276847,1555164288776
2881,1555164267763,1555164288776
2886,1555164268771,1555164288777
2890,1555164269577,1555164288778
2909,1555164273417,1555164288778
2921,1555164275838,1555164288778
2933,1555164278261,1555164298665
2937,1555164279066,1555164298667
2938,1555164279266,1555164298669
2958,1555164283301,1555164298673
2962,1555164284103,1555164298675
2966,1555164284907,1555164298676
2934,1555164278463,1555164298684
2939,1555164279466,1555164298685
2940,1555164279670,1555164298686
2944,1555164280480,1555164298690
2952,1555164282093,1555164298691
2961,1555164283903,1555164298691
2959,1555164283502,1555164298693
2931,1555164277856,1555164298695
2927,1555164277048,1555164298697
2936,1555164278863,1555164298698
2945,1555164280680,1555164298699
2960,1555164283702,1555164298700
2963,1555164284303,1555164298700
2935,1555164278663,1555164298701
2954,1555164282496,1555164298702
2955,1555164282697,1555164298703
2965,1555164284705,1555164298704
2932,1555164278057,1555164298705
2947,1555164281082,1555164298705
2948,1555164281283,1555164298705
2967,1555164285107,1555164298705
2964,1555164284504,1555164298706
2942,1555164280073,1555164298706
2943,1555164280277,1555164298706
2950,1555164281689,1555164298706
2951,1555164281890,1555164298707
2956,1555164282898,1555164298707
2957,1555164283100,1555164298707
2941,1555164279873,1555164298707
2946,1555164280881,1555164298708
2949,1555164281485,1555164298708
2953,1555164282296,1555164298708
